Timestamp|Steering|SteeringSpeed|Throttle|Brake|BrakeIntensity|SteeringSensor
1773313791.140752||||None||
1773313791.2409203|0.0|49920|0.0|0.0||-4
1773313791.3410566|0.0|49920|0.0|0.0|0.0|-4
1773313791.4411676|0.0|49920|0.0|0.0|0.0|-4
1773313791.5413146|0.0|49920|0.0|0.0|0.0|-4
1773313791.641462|0.0|49920|0.0|0.0|0.0|-4
1773313791.7415853|0.0|49920|0.0|0.0|0.0|-4
1773313791.8417163|0.0|49920|0.0|0.0|0.0|-4
1773313791.941911|0.0|49920|0.0|0.0|0.0|-4
1773313792.0420384|0.0|49920|0.0|0.0|0.0|-4
1773313792.1421554|0.0|49920|0.0|0.0|0.0|-4
1773313792.242277|0.0|49920|0.0|0.0|0.0|-4
1773313792.3424137|0.0|49920|0.0|0.0|0.0|-4
1773313792.4425669|0.0|49920|0.0|0.0|0.0|-4
1773313792.5427146|0.0|49920|0.0|0.0|0.0|-4
1773313792.6428883|0.0|49920|0.0|0.0|0.0|-4
1773313792.743032|0.0|49920|0.0|0.0|0.0|-4
1773313792.8431828|0.0|49920|0.0|0.0|0.0|-4
1773313792.9433393|0.0|49920|0.0|0.0|0.0|-4
1773313793.043481|0.0|49920|0.0|0.0|0.0|-4
1773313793.1436298|0.0|49920|0.0|0.0|0.0|-4
1773313793.2437642|0.0|49920|0.0|0.0|0.0|-4
1773313793.3439012|0.0|49920|0.0|0.0|0.0|-4
1773313793.4440076|0.0|49920|0.0|0.0|0.0|-4
1773313793.5441108|0.0|49920|0.0|0.0|0.0|-4
1773313793.6442358|0.0|49920|0.0|0.0|0.0|-4
1773313793.7444205|0.0|49920|0.0|0.0|0.0|-4
1773313793.8445268|0.0|49920|0.0|0.0|0.0|-4
1773313793.9446423|0.0|49920|0.0|0.0|0.0|-4
1773313794.0447652|0.0|49920|0.0|0.0|0.0|-4
1773313794.1449008|0.0|49920|0.0|0.0|0.0|-4
1773313794.2450244|0.0|49920|0.0|0.0|0.0|-4
1773313794.3451507|0.0|49920|0.0|0.0|0.0|-4
1773313794.445261|0.0|49920|0.0|0.0|0.0|-4
1773313794.5453928|0.0|49920|0.0|0.0|0.0|-4
1773313794.6455278|0.0|49920|0.0|0.0|0.0|-4
1773313794.7457724|0.0|49920|0.0|0.0|0.0|-4
1773313794.8460698|0.0|49920|0.0|0.0|0.0|-4
1773313794.946207|0.0|49920|0.0|0.0|0.0|-4
1773313795.0463398|0.0|49920|0.0|0.0|0.0|-4
1773313795.1465423|0.0|49920|0.0|0.0|0.0|-4
1773313795.2466605|0.0|49920|0.0|0.0|0.0|-4
1773313795.346797|0.0|49920|0.0|0.0|0.0|-4
1773313795.44691|0.0|49920|0.0|0.0|0.0|-4
1773313795.5470405|0.0|49920|0.0|0.0|0.0|-4
1773313795.6471958|0.0|49920|0.0|0.0|0.0|-4
1773313795.7473378|0.0|49920|0.0|0.0|0.0|-4
1773313795.8474603|0.0|49920|0.0|0.0|0.0|-4
1773313795.9475787|0.0|49920|0.0|0.0|0.0|-4
1773313796.0476952|0.0|49920|0.0|0.0|0.0|-4
1773313796.1478264|0.0|49920|0.0|0.0|0.0|-4
1773313796.247953|0.0|49920|0.0|0.0|0.0|-4
1773313796.3480592|0.0|49920|0.0|0.0|0.0|-4
1773313796.4481883|0.0|49920|0.0|0.0|0.0|-4
1773313796.5483131|0.0|49920|0.0|0.0|0.0|-4
1773313796.648436|0.0|49920|0.0|0.0|0.0|-4
1773313796.748563|0.0|49920|0.0|0.0|0.0|-4
1773313796.8486974|0.0|49920|0.0|0.0|0.0|-4
1773313796.9488182|0.0|49920|0.0|0.0|0.0|-4
1773313797.0489054|0.0|49920|0.0|0.0|0.0|-4
1773313797.1490555|0.0|49920|0.0|0.0|0.0|-4
1773313797.2491941|0.0|49920|0.0|0.0|0.0|-4
1773313797.3493094|0.0|49920|0.0|0.0|0.0|-4
1773313797.4494128|0.0|49920|0.0|0.0|0.0|-4
1773313797.5495458|0.0|49920|0.0|0.0|0.0|-4
1773313797.6496708|0.0|49920|0.0|0.0|0.0|-4
1773313797.7498147|0.0|49920|0.0|0.0|0.0|-4
1773313797.8499234|0.0|49920|0.0|0.0|0.0|-4
1773313797.950014|0.0|49920|0.0|0.0|0.0|-4
1773313798.0501282|0.0|49920|0.0|0.0|0.0|-4
1773313798.1502383|0.0|49920|0.0|0.0|0.0|-4
1773313798.2503395|0.0|49920|0.0|0.0|0.0|-4
1773313798.3504348|0.0|49920|0.0|0.0|0.0|-4
1773313798.4505405|0.0|49920|0.0|0.0|0.0|-4
1773313798.5506434|0.0|49920|0.0|0.0|0.0|-4
1773313798.650758|0.0|49920|0.0|0.0|0.0|-4
1773313798.7508218|0.0|49920|0.0|0.0|0.0|-4
1773313798.850917|0.0|49920|0.0|0.0|0.0|-4
1773313798.9510398|0.0|49920|0.0|0.0|0.0|-4
1773313799.0511525|0.0|49920|0.0|0.0|0.0|-4
1773313799.151269|0.0|49920|0.0|0.0|0.0|-4
1773313799.2514038|0.0|49920|0.0|0.0|0.0|-4
1773313799.3516304|0.0|49920|0.0|0.0|0.0|-4
1773313799.4517245|0.0|49920|0.0|0.0|0.0|-4
1773313799.551827|0.0|49920|0.0|0.0|0.0|-5
1773313799.651933|0.0|49920|0.0|0.0|0.0|-4
1773313799.7520332|0.0|49920|0.0|0.0|0.0|-4
1773313799.8521435|0.0|49920|0.0|0.0|0.0|-4
1773313799.9522765|0.0|49920|0.0|0.0|0.0|-4
1773313800.052407|0.0|49920|0.0|0.0|0.0|-5
1773313800.152533|0.0|49920|0.0|0.0|0.0|-4
1773313800.2526486|0.0|49920|0.0|0.0|0.0|-5
1773313800.3527777|0.0|49920|0.0|0.0|0.0|-5
1773313800.452897|0.0|49920|0.0|0.0|0.0|-4
1773313800.5529895|0.0|49920|1.0|0.0|0.0|-4
1773313800.6530805|0.0|49920|1.0|0.0|0.0|-4
1773313800.7532|0.0|49920|0.0|0.0|0.0|-4
1773313800.8533156|0.0|49920|0.0|0.0|0.0|-4
1773313800.9535642|0.0|49920|0.0|0.0|0.0|-5
1773313801.053674|0.0|49920|0.0|0.0|0.0|-5
1773313801.1537771|0.0|49920|0.0|0.0|0.0|-6
1773313801.253899|0.0|49920|0.74|0.0|0.0|-6
1773313801.354048|0.0|49920|0.46|0.0|0.0|-7
1773313801.454174|0.0|49920|0.0|0.0|0.0|-7
1773313801.5543196|0.0|49920|0.0|0.0|0.0|-7
1773313801.6544662|0.0|49920|0.0|0.0|0.0|-9
1773313801.7546618|0.0|49920|0.0|0.0|0.0|-9
1773313801.8548713|0.0|49920|0.0|0.0|0.0|-9
1773313801.9549742|0.0|49920|0.0|0.0|0.0|-9
1773313802.0550652|0.0|49920|0.0|0.0|0.0|-9
1773313802.1551783|0.0|49920|0.0|0.0|0.0|-9
1773313802.255318|0.0|49920|0.0|0.0|0.0|-9
1773313802.355524|0.0|49920|0.0|0.0|0.0|-9
1773313802.4556534|0.0|49920|0.0|0.0|0.0|-9
1773313802.5557773|0.0|49920|0.0|0.0|0.0|-9
1773313802.6559243|0.0|49920|1.0|0.0|0.0|-9
1773313802.7561452|0.0|49920|1.0|0.0|0.0|-9
1773313802.856263|0.0|49920|0.28|0.0|0.0|-9
1773313802.956468|0.0|49920|0.0|0.0|0.0|-9
1773313803.056594|0.0|49920|0.0|0.0|0.0|-9
1773313803.1567101|0.0|49920|0.0|0.0|0.0|-9
1773313803.2568464|0.0|49920|0.0|0.0|0.0|-9
1773313803.3569727|0.0|49920|0.0|0.0|0.0|-9
1773313803.4570725|0.0|49920|0.0|0.0|0.0|-9
1773313803.5571873|0.0|49920|0.0|0.0|0.0|-9
1773313803.6572928|0.0|49920|1.0|0.0|0.0|-9
1773313803.7573981|0.0|49920|1.0|0.0|0.0|-9
1773313803.8575063|0.0|49920|1.0|0.0|0.0|-9
1773313803.957621|0.0|49920|0.0|0.0|0.0|-9
1773313804.0577343|0.0|49920|0.0|0.0|0.0|-9
1773313804.1578112|0.0|49920|0.0|0.0|0.0|-9
1773313804.2579205|0.0|49920|0.0|0.0|0.0|-9
1773313804.3580377|0.0|49920|0.0|0.0|0.0|-9
1773313804.4581575|0.0|49920|0.03|0.0|0.0|-9
1773313804.5582838|0.0|49920|0.0|0.0|0.0|-9
1773313804.6584046|0.0|49920|1.0|0.0|0.0|-9
1773313804.758525|0.0|49920|0.77|0.0|0.0|-9
1773313804.8586326|0.0|49920|0.0|0.0|0.0|-9
1773313804.958843|0.0|49920|0.0|0.0|0.0|-9
1773313805.0589466|0.0|49920|0.05|0.0|0.0|-9
1773313805.1590369|0.0|49920|1.0|0.0|0.0|-9
1773313805.2591498|0.0|49920|0.0|0.0|0.0|-9
1773313805.3593411|0.0|49920|0.0|0.0|0.0|-9
1773313805.4594603|0.0|49920|0.84|0.0|0.0|-9
1773313805.5596514|0.0|49920|0.18|0.0|0.0|-9
1773313805.6597655|0.0|49920|0.0|0.0|0.0|-9
1773313805.7598736|0.0|49920|0.0|0.0|0.0|-9
1773313805.860003|0.0|49920|0.0|0.0|0.0|-9
1773313805.9601402|0.0|49920|0.0|0.0|0.0|-9
1773313806.0602653|0.0|49920|0.0|0.0|0.0|-10
1773313806.1603703|0.0|49920|0.0|0.03|0.2996851890223426|-10
1773313806.2605104|0.0|49920|0.0|0.66|6.291186377726669|-11
1773313806.3606327|0.0|49920|0.0|1.0|3.395849817713356|-11
1773313806.4608684|0.0|49920|0.0|1.0|0.0|-11
1773313806.5610025|0.0|49920|0.0|1.0|0.0|-11
1773313806.661279|0.0|49920|0.0|1.0|0.0|-11
1773313806.7614202|0.0|49920|0.0|1.0|0.0|-10
1773313806.8615413|0.0|49920|0.0|1.0|0.0|-11
1773313806.961687|0.0|49920|0.0|1.0|0.0|-10
1773313807.0619006|0.0|49920|0.0|1.0|0.0|-10
1773313807.1619997|0.0|49920|0.0|1.0|0.0|-10
1773313807.2621162|0.0|49920|0.0|0.0|-9.988364422662466|-10
1773313807.3622406|0.0|49920|0.0|0.0|0.0|-10
1773313807.4623606|0.0|49920|0.0|0.0|0.0|-10
1773313807.5624552|0.0|49920|0.0|0.0|0.0|-10
1773313807.6625736|0.0|49920|0.0|0.0|0.0|-10
1773313807.7626984|0.0|49920|0.0|0.0|0.0|-10
1773313807.8628066|0.0|49920|0.0|0.0|0.0|-10
1773313807.962899|0.0|49920|0.0|0.0|0.0|-10
1773313808.063004|0.0|49920|0.0|0.0|0.0|-10
1773313808.1631377|0.0|49920|0.66|0.0|0.0|-10
1773313808.2632778|0.0|49920|1.0|0.0|0.0|-10
1773313808.3634264|0.0|49920|1.0|0.0|0.0|-11
1773313808.4635336|0.0|49920|1.0|0.0|0.0|-10
1773313808.5636556|0.0|49920|1.0|0.0|0.0|-10
1773313808.6637688|0.0|49920|1.0|0.0|0.0|-10
1773313808.7638907|-0.999970018863678|49920|1.0|0.0|0.0|-11
1773313808.864|-0.999970018863678|49920|1.0|0.0|0.0|-105
1773313808.9640994|0.0|49920|0.0|0.0|0.0|-202
1773313809.0642107|0.0|49920|0.0|0.0|0.0|-127
1773313809.1643307|0.0|49920|1.0|0.0|0.0|-47
1773313809.2644682|0.0|49920|1.0|0.0|0.0|-18
1773313809.3646011|-0.6568499803543091|49920|1.0|0.0|0.0|-6
1773313809.4647255|0.0|49920|1.0|0.0|0.0|-69
1773313809.5648305|0.0|49920|1.0|0.0|0.0|-80
1773313809.6649318|0.0|49920|1.0|0.0|0.0|-61
1773313809.7650185|-0.999970018863678|49920|0.0|0.0|0.0|-32
1773313809.8651223|-0.999970018863678|49920|0.0|0.0|0.0|-120
1773313809.9653418|0.0|49920|0.0|0.0|0.0|-232
1773313810.0654879|0.0|49920|0.0|0.0|0.0|-221
1773313810.1656318|0.0|49920|0.0|0.0|0.0|-112
1773313810.2657757|0.0|49920|0.0|0.0|0.0|-25
1773313810.3660243|0.007980000227689743|49920|0.0|0.0|0.0|-3
1773313810.4661624|0.9999300241470337|49920|0.0|0.0|0.0|18
1773313810.56628|0.0|49920|0.0|0.0|0.0|128
1773313810.6663778|0.0|49920|0.0|0.0|0.0|120
1773313810.7664888|0.0|49920|0.0|0.0|0.0|43
1773313810.8666105|0.0|49920|0.0|0.0|0.0|14
1773313810.966744|0.0|49920|0.0|0.0|0.0|5
1773313811.0669222|0.0|49920|0.0|1.0|9.98220754061374|2
1773313811.167032|0.0|49920|0.0|1.0|0.0|1
1773313811.2671695|0.0|49920|0.0|1.0|0.0|1
1773313811.3673055|0.0|49920|0.0|1.0|0.0|0
1773313811.4674127|0.0|49920|0.0|1.0|0.0|1
1773313811.5675426|0.0|49920|0.0|1.0|0.0|1
1773313811.6676712|0.0|49920|0.0|1.0|0.0|-1
1773313811.7677937|0.0|49920|0.0|1.0|0.0|-4
1773313811.8678849|0.0|49920|0.0|1.0|0.0|-4
1773313811.967969|0.0|49920|0.0|1.0|0.0|-5
1773313812.0680513|0.0|49920|0.0|1.0|0.0|-4
1773313812.1681602|0.0|49920|0.0|1.0|0.0|-4
1773313812.268283|0.0|49920|0.0|1.0|0.0|-4
1773313812.3684268|0.0|49920|0.0|1.0|0.0|-4
1773313812.4685655|0.0|49920|0.0|1.0|0.0|-4
1773313812.5686934|0.0|49920|0.0|0.69|-3.0960390697364324|-4
1773313812.6688292|0.0|49920|0.0|0.0|-6.890642285714285|-4
1773313812.76906|0.0|49920|0.0|0.0|0.0|-4
1773313812.869197|0.0|49920|0.0|0.0|0.0|-4
1773313812.9693506|0.0|49920|0.0|0.0|0.0|-4
1773313813.069469|0.0|49920|0.0|0.0|0.0|-4
1773313813.1695657|0.0|49920|0.0|0.0|0.0|-4
1773313813.2696884|0.0|49920|0.0|0.0|0.0|-4
1773313813.369819|0.0|49920|0.0|0.0|0.0|-4
1773313813.469911|0.0|49920|0.93|0.0|0.0|-4
1773313813.5699987|0.0|49920|1.0|0.0|0.0|-4
1773313813.670101|0.3295600116252899|49920|1.0|0.0|0.0|17
1773313813.770328|0.9999300241470337|49920|0.65|0.0|0.0|112
1773313813.870532|0.9999300241470337|49920|0.0|0.0|0.0|241
1773313813.970659|0.0|49920|0.0|0.0|0.0|359
1773313814.070815|0.0|49920|0.0|0.0|0.0|326
1773313814.1709497|0.0|49920|0.0|0.0|0.0|221
1773313814.2710445|0.8206899762153625|49920|0.0|0.0|0.0|146
1773313814.3711734|0.9999300241470337|49920|0.0|0.0|0.0|226
1773313814.471342|0.0|49920|0.0|0.0|0.0|278
1773313814.5714855|0.0|49920|0.0|0.29|2.8958464117019656|180
1773313814.6716022|0.0|49920|0.0|1.0|7.091721851781291|66
1773313814.7717228|0.0|49920|0.0|1.0|0.0|26
1773313814.8718283|0.0|49920|0.0|1.0|0.0|9
1773313814.9719155|0.0|49920|0.0|1.0|0.0|5
1773313815.0720255|0.0|49920|0.0|1.0|0.0|4
1773313815.1721349|0.0|49920|0.0|1.0|0.0|4
1773313815.2722418|0.0|49920|0.0|0.52|-4.794871665408367|4
1773313815.3723707|0.0|49920|0.0|0.0|-5.193306394965367|4
1773313815.472504|0.0|49920|0.0|0.0|0.0|4
1773313815.572636|0.0|49920|0.0|0.0|0.0|3
1773313815.6727455|0.0|49920|0.0|0.0|0.0|4
1773313815.7728176|0.0|49920|0.0|0.0|0.0|4
1773313815.872912|0.0|49920|0.0|0.0|0.0|4
1773313815.9730065|0.0|49920|0.0|0.0|0.0|4
1773313816.073213|0.0|49920|0.0|0.0|0.0|4
1773313816.1734214|0.0|49920|0.0|0.0|0.0|4
1773313816.2735536|0.0|49920|0.0|0.0|0.0|3
1773313816.3737447|0.0|49920|0.0|0.0|0.0|4
1773313816.473843|0.0|49920|0.0|0.0|0.0|3
1773313816.5739727|0.0|49920|0.0|0.0|0.0|3
1773313816.6740935|0.0|49920|0.0|0.0|0.0|3
1773313816.7742321|0.0|49920|0.0|0.0|0.0|3
1773313816.8743925|0.0|49920|0.0|0.0|0.0|4
1773313816.9745455|0.0|49920|0.0|0.0|0.0|4
1773313817.0746918|0.0|49920|0.0|0.0|0.0|3
1773313817.1748216|0.0|49920|0.0|0.0|0.0|3
1773313817.2749288|0.0|49920|0.0|0.0|0.0|3
1773313817.3750396|0.0|49920|0.0|0.0|0.0|4
1773313817.4752498|0.0|49920|0.0|0.0|0.0|4
1773313817.5753653|0.0|49920|0.0|0.0|0.0|4
1773313817.675453|0.0|49920|0.0|0.0|0.0|3
1773313817.7756472|0.0|49920|0.0|0.0|0.0|3
1773313817.8757596|0.0|49920|0.0|0.0|0.0|3
1773313817.9758718|0.0|49920|0.0|0.0|0.0|3
1773313818.0759928|0.0|49920|0.0|0.0|0.0|4
1773313818.1761446|0.0|49920|0.0|0.0|0.0|3
1773313818.2762783|0.0|49920|0.0|0.0|0.0|3
1773313818.3763947|0.0|49920|0.0|0.0|0.0|3
1773313818.476518|0.0|49920|0.0|0.0|0.0|4
1773313818.5767496|0.0|49920|0.0|0.0|0.0|3
1773313818.676827|0.0|49920|0.0|0.0|0.0|3
1773313818.7769446|0.0|49920|0.0|0.0|0.0|4
1773313818.8770645|0.0|49920|0.0|0.0|0.0|3
1773313818.97728|0.0|49920|0.0|0.0|0.0|3
1773313819.077408|0.0|49920|0.0|0.0|0.0|4
1773313819.1776853|0.0|49920|0.0|0.0|0.0|3
1773313819.277819|0.0|49920|0.0|0.0|0.0|3
1773313819.3779337|0.0|49920|0.0|0.0|0.0|4
1773313819.478075|0.0|49920|0.0|0.0|0.0|3
1773313819.5783436|0.0|49920|0.0|0.0|0.0|4
1773313819.6785567|0.0|49920|0.0|0.0|0.0|3
1773313819.7788408|0.0|49920|0.0|0.0|0.0|3
1773313819.8789728|0.0|49920|0.0|0.0|0.0|3
1773313819.9791262|0.0|49920|0.0|0.0|0.0|3
1773313820.0792935|0.0|49920|0.0|0.0|0.0|3
1773313820.179436|0.0|49920|0.0|0.0|0.0|4
1773313820.2796469|0.0|49920|0.0|0.0|0.0|3
1773313820.3797684|0.0|49920|0.0|0.0|0.0|3
1773313820.4798715|0.0|49920|0.0|0.0|0.0|3
1773313820.5800128|0.0|49920|0.0|0.0|0.0|3
1773313820.6802375|0.0|49920|0.0|0.0|0.0|3
1773313820.7803802|0.0|49920|0.0|0.0|0.0|3
1773313820.8806708|0.0|49920|0.0|0.0|0.0|4
1773313820.980796|0.0|49920|0.0|0.0|0.0|3
1773313821.0809147|0.0|49920|0.0|0.0|0.0|3
1773313821.1810086|0.0|49920|0.0|0.0|0.0|4
1773313821.2811255|0.0|49920|0.0|0.0|0.0|3
1773313821.381275|0.0|49920|0.0|0.0|0.0|4
1773313821.4814858|0.0|49920|0.0|0.0|0.0|3
1773313821.5815947|0.0|49920|0.0|0.0|0.0|4
1773313821.6817122|0.0|49920|0.0|0.0|0.0|3
1773313821.7818258|0.0|49920|0.0|0.0|0.0|3
1773313821.881925|0.0|49920|0.0|0.0|0.0|3
1773313821.9820144|0.0|49920|0.0|0.0|0.0|4
1773313822.0821247|0.0|49920|0.0|0.0|0.0|3
1773313822.182213|0.0|49920|0.0|0.0|0.0|4
1773313822.282319|0.0|49920|0.0|0.0|0.0|3
1773313822.382446|0.0|49920|0.0|0.0|0.0|4
1773313822.482572|0.0|49920|0.0|0.0|0.0|3
1773313822.5826921|0.0|49920|0.0|0.0|0.0|3
1773313822.6828187|0.0|49920|0.0|0.0|0.0|3
1773313822.7829497|0.0|49920|0.0|0.0|0.0|4
1773313822.8830335|0.0|49920|0.0|0.0|0.0|3
1773313822.9831376|0.0|49920|0.0|0.0|0.0|3
1773313823.0832522|0.0|49920|0.0|0.0|0.0|4
1773313823.1833649|0.0|49920|0.0|0.0|0.0|3
1773313823.2834988|0.0|49920|0.0|0.0|0.0|3
1773313823.3836203|0.0|49920|0.0|0.0|0.0|3
1773313823.4837232|0.0|49920|0.0|0.0|0.0|4
1773313823.583873|0.0|49920|0.0|0.0|0.0|3
1773313823.6840982|0.0|49920|0.0|0.0|0.0|3
1773313823.7842214|0.0|49920|0.0|0.0|0.0|4
1773313823.88435|0.0|49920|0.0|0.0|0.0|3
1773313823.984454|0.0|49920|0.0|0.0|0.0|3
1773313824.084673|0.0|49920|0.0|0.0|0.0|3
1773313824.184895|0.0|49920|0.0|0.0|0.0|3
1773313824.284991|0.0|49920|0.0|0.0|0.0|4
1773313824.385075|0.0|49920|0.0|0.0|0.0|3
1773313824.4851766|0.0|49920|0.01|0.0|0.0|3
1773313824.5852854|0.0|49920|0.3|0.0|0.0|3
1773313824.6853707|0.0|49920|0.46|0.0|0.0|3
1773313824.7854903|0.0|49920|0.67|0.0|0.0|3
1773313824.885626|0.0|49920|0.77|0.0|0.0|2
1773313824.9858186|0.0|49920|0.84|0.0|0.0|-1
1773313825.085913|0.0|49920|0.8|0.0|0.0|-1
1773313825.1859956|0.0|49920|0.27|0.0|0.0|-2
1773313825.2860813|0.0|49920|0.15|0.0|0.0|-2
1773313825.3861935|0.0|49920|0.21|0.0|0.0|-2
1773313825.4864078|0.0|49920|0.93|0.0|0.0|-3
1773313825.5865915|0.0|49920|1.0|0.0|0.0|-3
1773313825.6867|0.0|49920|1.0|0.0|0.0|-4
1773313825.7868185|0.0|49920|0.35|0.0|0.0|-4
1773313825.8869238|0.0|49920|0.0|0.0|0.0|-4
1773313825.987042|0.0|49920|0.0|0.0|0.0|-4
1773313826.0871768|0.0|49920|0.0|0.0|0.0|-4
1773313826.1873093|0.0|49920|0.0|0.03|0.29960312962813046|-4
1773313826.2874231|0.0|49920|0.0|0.23|1.9977252159996952|-4
1773313826.3875344|0.0|49920|0.0|0.56|3.2963329578444243|-4
1773313826.4876409|0.0|49920|0.0|0.76|1.9978727103413614|-4
1773313826.587754|0.0|49920|0.0|0.51|-2.497174360867339|-4
1773313826.6878302|0.0|49920|0.0|0.5|-0.09992385944014304|-3
1773313826.787962|0.0|49920|0.0|0.54|0.39947369298281155|-4
1773313826.888099|0.0|49920|0.0|0.58|0.39945276841942284|-3
1773313826.9882174|0.0|49920|0.0|0.0|-5.793140998316374|-3
1773313827.0883458|0.0|49920|0.0|0.0|0.0|-4
1773313827.1884685|0.0|49920|0.0|0.0|0.0|-4
1773313827.2886312|0.0|49920|0.0|0.0|0.0|-4
1773313827.3888404|0.0|49920|0.0|0.0|0.0|-4
1773313827.488984|0.0|49920|0.0|0.0|0.0|-4
1773313827.589139|0.0|49920|0.0|0.0|0.0|-4
1773313827.6892817|0.0|49920|0.0|0.0|0.0|-3
1773313827.7896056|0.0|49920|0.0|0.0|0.0|-4
1773313827.8897514|0.0|49920|0.0|0.0|0.0|-3
1773313827.9898992|0.0|49920|0.0|0.0|0.0|-4
1773313828.0900338|0.0|49920|0.0|0.0|0.0|-3
1773313828.1902215|0.0|49920|0.0|0.0|0.0|-4
1773313828.2904058|0.0|49920|0.0|0.0|0.0|-3
1773313828.3906105|0.0|49920|0.0|0.0|0.0|-4
1773313828.4908254|0.0|49920|0.0|0.0|0.0|-4
1773313828.590996|0.0|49920|0.52|0.0|0.0|-4
1773313828.6911385|0.0|49920|0.71|0.0|0.0|-4
1773313828.7912557|0.0|49920|0.58|0.0|0.0|-4
1773313828.8914125|0.0|49920|0.36|0.0|0.0|-3
1773313828.9915626|0.0|49920|0.0|0.0|0.0|-4
1773313829.0916848|0.0|49920|0.59|0.0|0.0|-4
1773313829.1918237|0.0|49920|1.0|0.0|0.0|-4
1773313829.2919493|0.0|49920|0.82|0.0|0.0|-3
1773313829.3920708|0.0|49920|0.0|0.0|0.0|-4
1773313829.4921844|0.0|49920|0.0|0.0|0.0|-4
1773313829.5923262|0.0|49920|0.0|0.44|4.393771227903101|-4
1773313829.6924703|0.0|49920|0.0|0.59|1.4978408942111963|-4
1773313829.7926002|0.0|49920|0.0|0.0|-5.892349211262575|-4
1773313829.892707|0.0|49920|0.0|0.02|0.19978631939201533|-3
1773313829.9928427|0.0|49920|0.0|0.29|2.696344705582632|-4
1773313830.0929708|0.0|49920|0.0|0.27|-0.19974398049375153|-4
1773313830.1931014|0.0|49920|0.0|0.0|-2.6964795298801367|-4
1773313830.2932267|0.0|49920|0.0|0.47|4.694117669470135|-4
1773313830.3933563|0.0|49920|0.0|0.69|2.197152395148271|-4
1773313830.49346|0.0|49920|0.0|0.33|-3.596273659390518|-4
1773313830.59362|0.0|49920|0.0|0.58|2.496003351567|-4
1773313830.6938193|0.0|49920|0.0|0.82|2.3952281650192973|-4
1773313830.7939596|0.0|49920|0.0|0.88|0.5991591808941982|-4
1773313830.8941133|0.0|49920|0.0|0.86|-0.19969310242218669|-4
1773313830.9942338|0.0|49920|0.0|0.87|0.09987960070105929|-4
1773313831.0943568|0.0|49920|0.0|0.89|0.19975444461907024|-4
1773313831.1944857|0.0|49920|0.0|0.91|0.19974255365251428|-4
1773313831.294636|0.0|49920|0.0|0.91|0.0|-4
1773313831.394769|0.0|49920|0.0|0.72|-1.8974774517367168|-4
1773313831.4948766|0.0|49920|0.0|0.44|-2.7969884872416535|-4
1773313831.594971|0.0|49920|0.0|0.12|-3.196984655547775|-4
1773313831.6950808|0.0|49920|0.0|0.0|-1.1986836583780076|-4
1773313831.7952175|0.0|49920|0.0|0.0|0.0|-3
1773313831.8953395|0.0|49920|0.0|0.0|0.0|-4
1773313831.9954693|0.0|49920|0.0|0.0|0.0|-4
1773313832.0956151|0.0|49920|0.0|0.0|0.0|-4
1773313832.1957643|0.0|49920|0.0|0.0|0.0|-4
1773313832.2959073|0.0|49920|0.0|0.0|0.0|-4
1773313832.396037|0.0|49920|0.0|0.0|0.0|-4
1773313832.4961643|0.0|49920|0.0|0.0|0.0|-4
1773313832.596363|0.0|49920|0.0|0.0|0.0|-4
1773313832.6965537|0.0|49920|0.0|0.37|3.6929597601313566|-4
1773313832.7966979|0.0|49920|0.0|1.0|6.290931755687026|-3
1773313832.8968263|0.0|49920|0.0|1.0|0.0|-4
1773313832.9969532|0.0|49920|0.0|1.0|0.0|-4
1773313833.097045|0.0|49920|0.0|1.0|0.0|-4
1773313833.197161|0.0|49920|0.0|1.0|0.0|-4
1773313833.2972994|0.0|49920|0.0|1.0|0.0|-4
1773313833.3974428|0.0|49920|0.0|1.0|0.0|-4
1773313833.4975622|0.0|49920|0.0|1.0|0.0|-4
1773313833.5976954|0.0|49920|0.0|1.0|0.0|-4
1773313833.6978228|0.0|49920|0.0|1.0|0.0|-4
1773313833.7979417|0.0|49920|0.0|1.0|0.0|-4
1773313833.8980913|0.0|49920|0.0|1.0|0.0|-4
1773313833.9982262|0.0|49920|0.0|1.0|0.0|-4
1773313834.0984263|0.0|49920|0.0|1.0|0.0|-4
1773313834.198563|0.0|49920|0.0|1.0|0.0|-4
1773313834.2987323|0.0|49920|0.0|1.0|0.0|-4
1773313834.3989103|0.0|49920|0.0|0.0|-9.98223129776261|-4
1773313834.4990697|0.0|49920|0.0|0.0|0.0|-3
1773313834.599251|0.0|49920|0.0|0.0|0.0|-4
1773313834.699421|0.0|49920|0.0|0.0|0.0|-4
1773313834.7995663|0.0|49920|0.0|0.0|0.0|-3
1773313834.8997371|0.0|49920|0.0|0.0|0.0|-4
1773313834.999837|0.0|49920|0.0|0.0|0.0|-4
1773313835.1000125|0.0|49920|0.0|0.0|0.0|-4
1773313835.2002122|0.0|49920|0.0|0.0|0.0|-4
1773313835.3003924|0.0|49920|0.0|0.0|0.0|-4
1773313835.4005723|0.0|49920|0.0|0.0|0.0|-3
1773313835.5008066|0.0|49920|0.0|0.0|0.0|-4
1773313835.6009722|0.0|49920|0.0|0.0|0.0|-4
1773313835.7011356|0.0|49920|0.0|0.0|0.0|-4
1773313835.8013012|0.0|49920|0.0|0.0|0.0|-4
1773313835.9014685|0.0|49920|0.0|0.0|0.0|-4
1773313836.0016162|0.0|49920|0.0|0.0|0.0|-4
1773313836.10175|0.0|49920|0.0|0.0|0.0|-4
1773313836.2018993|0.0|49920|0.0|0.0|0.0|-4
1773313836.3020253|0.0|49920|0.0|0.0|0.0|-4
1773313836.4021873|0.0|49920|0.0|0.03|0.299514698531337|-4
1773313836.5023267|0.0|49920|0.0|0.09|0.5991648869683225|-4
1773313836.6024864|0.0|49920|0.0|0.1|0.09984060937871944|-3
1773313836.702637|0.0|49920|0.0|0.0|-0.9984964124343549|-4
1773313836.8027995|0.0|49920|0.0|0.0|0.0|-4
1773313836.9029148|0.0|49920|0.0|0.0|0.0|-4
1773313837.0030098|0.0|49920|0.0|0.0|0.0|-3
1773313837.1030967|0.0|49920|0.0|0.0|0.0|-4
1773313837.2032213|0.0|49920|0.0|0.0|0.0|-4
1773313837.3034317|0.0|49920|0.0|0.0|0.0|-4
1773313837.403636|0.0|49920|0.0|0.0|0.0|-4
1773313837.5038493|0.0|49920|0.0|0.0|0.0|-4
1773313837.6040678|0.0|49920|0.0|0.0|0.0|-4
1773313837.704191|0.0|49920|0.0|0.0|0.0|-3
1773313837.804331|0.0|49920|0.0|0.0|0.0|-4
1773313837.9044857|0.0|49920|0.0|0.0|0.0|-4
1773313838.0046406|0.0|49920|0.0|0.0|0.0|-4
1773313838.1047745|0.0|49920|0.0|0.0|0.0|-4
1773313838.2048833|0.0|49920|0.0|0.0|0.0|-4
1773313838.3051004|0.0|49920|0.0|0.0|0.0|-4
1773313838.4052343|0.0|49920|0.0|0.0|0.0|-3
1773313838.5053523|0.0|49920|0.0|0.0|0.0|-4
1773313838.605463|0.0|49920|0.36|0.0|0.0|-4
1773313838.7055876|0.0|49920|1.0|0.0|0.0|-4
1773313838.8058|0.0|49920|1.0|0.0|0.0|-4
1773313838.9058988|0.0|49920|1.0|0.0|0.0|-4
1773313839.006|0.0|49920|1.0|0.0|0.0|-4
1773313839.1061134|0.0|49920|1.0|0.0|0.0|-4
1773313839.2062387|0.0|49920|1.0|0.0|0.0|-4
1773313839.3063731|0.0|49920|0.0|0.0|0.0|-4
1773313839.406511|0.0|49920|0.0|0.0|0.0|-4
1773313839.5066452|0.0|49920|0.0|0.0|0.0|-4
1773313839.6067464|0.0|49920|0.0|0.0|0.0|-4
1773313839.706823|0.0|49920|0.0|0.0|0.0|-4
1773313839.806925|0.0|49920|0.0|0.0|0.0|-4
1773313839.9070528|0.0|49920|0.0|0.0|0.0|-4
1773313840.0071764|0.0|49920|0.0|0.0|0.0|-4
1773313840.1072931|0.0|49920|0.0|0.0|0.0|-3
1773313840.207508|0.0|49920|0.0|0.0|0.0|-4
1773313840.30773|0.0|49920|0.0|0.0|0.0|-4
1773313840.4078429|0.0|49920|0.0|0.0|0.0|-4
1773313840.5080473|0.0|49920|0.0|0.0|0.0|-3
1773313840.6081753|0.0|49920|0.0|0.0|0.0|-4
1773313840.70841|0.0|49920|0.0|0.0|0.0|-4
1773313840.8085368|0.0|49920|0.0|0.0|0.0|-3
1773313840.9086668|0.0|49920|0.0|0.02|0.19974017562908358|-3
1773313841.008805|0.0|49920|0.0|0.02|0.0|-3
1773313841.1089191|0.0|49920|0.0|0.02|0.0|-3
1773313841.2090435|0.0|49920|0.0|0.02|0.0|-3
1773313841.309196|0.0|49920|0.0|0.02|0.0|-3
1773313841.4093196|0.0|49920|0.0|0.03|0.09987650881416552|-3
1773313841.5094285|0.0|49920|0.0|0.04|0.09989125645709443|-4
1773313841.6095335|0.0|49920|0.0|0.04|0.0|-3
1773313841.7096596|0.0|49920|0.0|0.04|0.0|-3
1773313841.8098195|0.0|49920|0.0|0.05|0.09984037172013399|-4
1773313841.9099576|0.0|49920|0.0|0.07|0.19972400657127215|-3
1773313842.0100644|0.0|49920|0.0|0.07|0.0|-4
1773313842.1101663|0.0|49920|0.0|0.07|0.0|-4
1773313842.210269|0.0|49920|0.0|0.08|0.09989744224874418|-4
1773313842.3103936|0.0|49920|0.0|0.08|0.0|-4
1773313842.4105835|0.0|49920|0.0|0.1|0.1996208715765527|-4
1773313842.5106776|0.0|49920|0.0|0.11|0.0999060084559042|-3
1773313842.6108022|0.0|49920|0.0|0.11|0.0|-4
1773313842.710914|0.0|49920|0.0|0.12|0.09988840173470281|-4
1773313842.8110147|0.0|49920|0.0|0.13|0.09989934572338423|-4
1773313842.9111507|0.0|49920|0.0|0.16|0.2995924295418344|-4
1773313843.011275|0.0|49920|0.0|0.16|0.0|-4
1773313843.1114037|0.0|49920|0.0|0.17|0.09987151463199762|-4
1773313843.2115324|0.0|49920|0.0|0.19|0.19974302926399495|-4
1773313843.311695|0.0|49920|0.0|0.19|0.0|-3
1773313843.4118419|0.0|49920|0.0|0.19|0.0|-3
1773313843.511981|0.0|49920|0.0|0.19|0.0|-4
1773313843.6120713|0.0|49920|0.0|0.19|0.0|-3
1773313843.7122104|0.0|49920|0.0|0.19|0.0|-4
1773313843.8123705|0.0|49920|0.0|0.19|0.0|-4
1773313843.912495|0.0|49920|0.0|0.19|0.0|-4
1773313844.012601|0.0|49920|0.0|0.19|0.0|-4
1773313844.112717|0.0|49920|0.0|0.22|0.2996523598711174|-4
1773313844.212836|0.0|49920|0.0|0.39|1.6979774724358823|-3
1773313844.3129797|0.0|49920|0.0|1.0|6.0912486399878105|-3
1773313844.4131489|0.0|49920|0.0|1.0|0.0|-4
1773313844.5132937|0.0|49920|0.0|0.06|-9.386402563577581|-4
1773313844.613416|0.0|49920|0.0|0.0|-0.5992676148905923|-4
1773313844.71354|0.0|49920|0.0|0.0|0.0|-3
1773313844.8136787|0.0|49920|0.0|0.0|0.0|-4
1773313844.9138236|0.0|49920|0.0|0.0|0.0|-3
1773313845.013963|0.0|49920|0.0|0.0|0.0|-4
1773313845.1140838|0.0|49920|0.0|0.0|0.0|-4
1773313845.2142088|0.0|49920|0.0|0.0|0.0|-3
1773313845.3143675|0.0|49920|0.0|0.0|0.0|-4
1773313845.4145546|0.0|49920|0.0|0.0|0.0|-3
1773313845.514716|0.0|49920|0.0|0.0|0.0|-4
1773313845.6148264|0.0|49920|0.0|0.0|0.0|-4
1773313845.714935|0.0|49920|0.0|0.0|0.0|-4
1773313845.8150694|0.0|49920|0.0|0.0|0.0|-3
1773313845.9152331|0.0|49920|0.0|0.0|0.0|-4
1773313846.0153677|0.0|49920|0.0|0.0|0.0|-4
1773313846.1155052|0.0|49920|0.0|0.0|0.0|-4
1773313846.215645|0.0|49920|0.0|0.0|0.0|-4
1773313846.3158267|0.0|49920|0.0|0.0|0.0|-3
1773313846.416004|0.0|49920|0.0|0.0|0.0|-3
1773313846.5161588|0.0|49920|0.0|0.0|0.0|-3
1773313846.616325|0.0|49920|0.0|0.0|0.0|-4
1773313846.7164955|0.0|49920|0.0|0.0|0.0|-4
1773313846.8166459|0.0|49920|0.0|0.0|0.0|-4
1773313846.9168053|0.0|49920|0.0|0.0|0.0|-3
1773313847.0169685|0.0|49920|0.0|0.0|0.0|-4
1773313847.1171243|0.0|49920|0.0|0.0|0.0|-4
1773313847.2172792|0.0|49920|0.0|0.0|0.0|-4
1773313847.3174243|0.0|49920|0.0|0.0|0.0|-4
1773313847.417623|0.0|49920|0.0|0.0|0.0|-4
1773313847.517798|0.0|49920|0.0|0.0|0.0|-3
1773313847.6179512|0.0|49920|0.0|0.0|0.0|-3
1773313847.7181277|0.0|49920|0.0|0.0|0.0|-3
1773313847.8182883|0.0|49920|0.0|0.0|0.0|-3
1773313847.9184968|0.0|49920|0.0|0.0|0.0|-3
1773313848.0186987|0.0|49920|0.0|0.0|0.0|-4
1773313848.1188323|0.0|49920|0.0|0.0|0.0|-3
1773313848.2189481|0.0|49920|0.0|0.0|0.0|-4
1773313848.3190653|0.0|49920|0.0|0.0|0.0|-3
1773313848.4191856|0.0|49920|0.0|0.0|0.0|-4
1773313848.5193255|0.0|49920|0.0|0.0|0.0|-4
1773313848.6194692|0.0|49920|0.0|0.0|0.0|-3
1773313848.719585|0.0|49920|0.0|0.0|0.0|-4
1773313848.8196943|0.0|49920|0.0|0.0|0.0|-4
1773313848.9198022|0.0|49920|0.0|0.0|0.0|-3
1773313849.0199232|0.0|49920|0.0|0.0|0.0|-3
1773313849.1200395|0.0|49920|0.0|0.0|0.0|-4
1773313849.2201555|0.0|49920|0.0|0.0|0.0|-4
1773313849.3202865|0.0|49920|0.0|0.0|0.0|-4
1773313849.4204156|0.0|49920|0.0|0.0|0.0|-3
1773313849.5205827|0.0|49920|0.0|0.0|0.0|-4
1773313849.6207771|0.0|49920|0.0|0.0|0.0|-4
1773313849.720961|0.0|49920|0.0|0.0|0.0|-3
1773313849.8210778|0.0|49920|0.0|0.0|0.0|-4
1773313849.9212496|0.0|49920|0.0|0.0|0.0|-4
1773313850.021446|0.0|49920|0.0|0.0|0.0|-4
1773313850.1215923|0.0|49920|0.0|0.0|0.0|-3
1773313850.2217295|0.0|49920|0.0|0.0|0.0|-4
1773313850.3218246|0.0|49920|0.0|0.0|0.0|-4
1773313850.4219189|0.0|49920|0.0|0.0|0.0|-3
1773313850.5220242|0.0|49920|0.0|0.0|0.0|-4
1773313850.622179|0.0|49920|0.0|0.0|0.0|-4
1773313850.7222927|0.0|49920|0.0|0.0|0.0|-3
1773313850.8224118|0.0|49920|0.0|0.0|0.0|-4
1773313850.92255|0.0|49920|0.0|0.0|0.0|-4
1773313851.0227487|0.0|49920|0.0|0.0|0.0|-3
1773313851.1228304|0.0|49920|0.0|0.0|0.0|-4
1773313851.2229247|0.0|49920|0.0|0.0|0.0|-3
1773313851.3230147|0.0|49920|0.0|0.0|0.0|-4
1773313851.4231539|0.0|49920|0.0|0.0|0.0|-4
1773313851.5232868|0.0|49920|0.0|0.0|0.0|-4
1773313851.6234188|0.0|49920|0.0|0.0|0.0|-4
1773313851.723528|0.0|49920|0.0|0.0|0.0|-4
1773313851.8236697|0.0|49920|0.0|0.0|0.0|-4
1773313851.9238062|0.0|49920|0.0|0.0|0.0|-4
1773313852.0239027|0.0|49920|0.0|0.0|0.0|-4
1773313852.1239908|0.0|49920|0.0|0.0|0.0|-3
1773313852.2240949|0.0|49920|0.0|0.0|0.0|-3
1773313852.3242505|0.0|49920|0.0|0.0|0.0|-3
1773313852.424412|0.0|49920|0.0|0.0|0.0|-3
1773313852.5246184|0.0|49920|0.0|0.0|0.0|-4
1773313852.6247652|0.0|49920|0.0|0.0|0.0|-4
1773313852.7249055|0.0|49920|0.0|0.0|0.0|-3
1773313852.8250098|0.0|49920|0.0|0.0|0.0|-4
1773313852.9251416|0.0|49920|0.0|0.0|0.0|-4
1773313853.025267|0.0|49920|0.0|0.0|0.0|-3
1773313853.1253955|0.0|49920|0.0|0.0|0.0|-3
1773313853.2255147|0.0|49920|0.0|0.0|0.0|-3
1773313853.325606|0.0|49920|0.0|0.0|0.0|-4
1773313853.4257166|0.0|49920|0.0|0.0|0.0|-3
1773313853.5258415|0.0|49920|0.0|0.0|0.0|-3
1773313853.6259637|0.0|49920|0.0|0.0|0.0|-4
1773313853.72608|0.0|49920|0.0|0.0|0.0|-3
1773313853.8262658|0.0|49920|0.0|0.0|0.0|-4
1773313853.9263885|0.0|49920|0.0|0.0|0.0|-4
1773313854.0265112|0.0|49920|0.0|0.0|0.0|-3
1773313854.1266773|0.0|49920|0.0|0.0|0.0|-3
1773313854.2268074|0.0|49920|0.0|0.0|0.0|-3
1773313854.326936|0.0|49920|0.0|0.0|0.0|-3
1773313854.4270575|0.0|49920|0.0|0.0|0.0|-4
1773313854.5271673|0.0|49920|0.0|0.0|0.0|-4
1773313854.6272883|0.0|49920|0.0|0.0|0.0|-3
1773313854.7273872|0.0|49920|0.0|0.0|0.0|-3
1773313854.827493|0.0|49920|0.0|0.0|0.0|-3
1773313854.9276087|0.0|49920|0.0|0.0|0.0|-3
1773313855.0277305|0.0|49920|0.0|0.0|0.0|-4
1773313855.1278062|0.0|49920|0.0|0.0|0.0|-4
1773313855.227905|0.0|49920|0.0|0.0|0.0|-3
1773313855.328011|0.0|49920|0.0|0.0|0.0|-4
1773313855.428122|0.0|49920|0.0|0.0|0.0|-4
1773313855.52823|0.0|49920|0.0|0.0|0.0|-3
1773313855.6283238|0.0|49920|0.0|0.0|0.0|-4
1773313855.7284348|0.0|49920|0.0|0.0|0.0|-4
1773313855.82854|0.0|49920|0.0|0.0|0.0|-4
1773313855.9286425|0.0|49920|0.0|0.0|0.0|-4
1773313856.028749|0.0|49920|0.0|0.0|0.0|-4
1773313856.1288307|0.0|49920|0.0|0.0|0.0|-4
1773313856.22893|0.0|49920|0.0|0.0|0.0|-4
1773313856.3290431|0.0|49920|0.0|0.0|0.0|-3
1773313856.4291515|0.0|49920|0.0|0.0|0.0|-4
1773313856.529258|0.0|49920|0.0|0.0|0.0|-4
1773313856.6293614|0.0|49920|0.0|0.0|0.0|-4
1773313856.7295532|0.0|49920|0.0|0.0|0.0|-4
1773313856.8297622|0.0|49920|0.0|0.0|0.0|-4
1773313856.930017|0.0|49920|0.0|0.0|0.0|-3
1773313857.0302396|0.0|49920|0.0|0.0|0.0|-4
1773313857.1303828|0.0|49920|0.0|0.0|0.0|-3
1773313857.230606|0.0|49920|0.0|0.0|0.0|-3
1773313857.3308253|0.0|49920|0.0|0.0|0.0|-3
1773313857.4309523|0.0|49920|0.0|0.0|0.0|-4
1773313857.5310695|0.0|49920|0.0|0.0|0.0|-3
1773313857.631216|0.0|49920|0.0|0.0|0.0|-4
1773313857.731338|0.0|49920|0.0|0.0|0.0|-4
1773313857.831569|0.0|49920|0.0|0.0|0.0|-3
1773313857.9317327|0.0|49920|0.0|0.0|0.0|-4
1773313858.031903|0.0|49920|0.0|0.0|0.0|-4
1773313858.1320245|0.0|49920|0.0|0.0|0.0|-3
1773313858.2321382|0.0|49920|0.0|0.0|0.0|-4
1773313858.3322573|0.0|49920|0.0|0.0|0.0|-3
1773313858.4324026|0.0|49920|0.0|0.0|0.0|-4
1773313858.5325203|0.0|49920|0.0|0.0|0.0|-3
1773313858.6327379|0.0|49920|0.0|0.0|0.0|-3
1773313858.732825|0.0|49920|0.0|0.0|0.0|-3
1773313858.8329937|0.0|49920|0.0|0.0|0.0|-3
1773313858.9330883|0.0|49920|0.0|0.0|0.0|-4
1773313859.033184|0.0|49920|0.0|0.0|0.0|-4
1773313859.1332786|0.0|49920|0.0|0.0|0.0|-3
1773313859.2333899|0.0|49920|0.0|0.0|0.0|-3
1773313859.3335104|0.0|49920|0.0|0.0|0.0|-4
1773313859.4336753|0.0|49920|0.0|0.0|0.0|-3
1773313859.5338318|0.0|49920|0.0|0.0|0.0|-4
1773313859.6339715|0.0|49920|0.0|0.0|0.0|-4
1773313859.7340796|0.0|49920|0.0|0.0|0.0|-4
1773313859.8341744|0.0|49920|0.0|0.0|0.0|-4
1773313859.9343183|0.0|49920|0.0|0.0|0.0|-3
1773313860.0344563|0.0|49920|0.0|0.0|0.0|-3
1773313860.1345813|0.0|49920|0.0|0.0|0.0|-3
1773313860.234694|0.0|49920|0.0|0.0|0.0|-4
1773313860.3348286|0.0|49920|0.0|0.0|0.0|-4
1773313860.4349718|0.0|49920|0.0|0.0|0.0|-4
1773313860.5350626|0.0|49920|0.0|0.0|0.0|-4
1773313860.635163|0.0|49920|0.0|0.0|0.0|-3
1773313860.7352781|0.0|49920|0.0|0.0|0.0|-4
1773313860.8353958|0.0|49920|0.0|0.0|0.0|-3
1773313860.93551|0.0|49920|0.0|0.0|0.0|-4
1773313861.0356328|0.0|49920|0.0|0.0|0.0|-4
1773313861.1357443|0.0|49920|0.0|0.0|0.0|-4
1773313861.2358215|0.0|49920|0.0|0.0|0.0|-3
1773313861.3359177|0.0|49920|0.0|0.0|0.0|-4
1773313861.4360147|0.0|49920|0.0|0.0|0.0|-4
1773313861.5361161|0.0|49920|0.0|0.0|0.0|-4
1773313861.6362107|0.0|49920|0.0|0.0|0.0|-3
1773313861.7362947|0.0|49920|0.0|0.0|0.0|-3
1773313861.8363833|0.0|49920|0.0|0.0|0.0|-4
1773313861.9364758|0.0|49920|0.0|0.0|0.0|-3
1773313862.036561|0.0|49920|0.0|0.0|0.0|-3
1773313862.1366868|0.0|49920|0.0|0.0|0.0|-4
1773313862.236886|0.0|49920|0.0|0.0|0.0|-3
1773313862.3370001|0.0|49920|0.0|0.0|0.0|-3
1773313862.4371014|0.0|49920|0.0|0.0|0.0|-4
1773313862.5372272|0.0|49920|0.0|0.0|0.0|-4
1773313862.6373675|0.0|49920|0.0|0.0|0.0|-3
1773313862.7374983|0.0|49920|0.0|0.0|0.0|-3
1773313862.837707|0.0|49920|0.0|0.0|0.0|-4
1773313862.937836|0.0|49920|0.0|0.0|0.0|-3
1773313863.0379753|0.0|49920|0.0|0.0|0.0|-4
1773313863.1380997|0.0|49920|0.0|0.0|0.0|-3
1773313863.238269|0.0|49920|0.0|0.0|0.0|-4
1773313863.33841|0.0|49920|0.0|0.0|0.0|-3
1773313863.4385545|0.0|49920|0.0|0.0|0.0|-3
1773313863.5387232|0.0|49920|0.0|0.0|0.0|-3
1773313863.6389308|0.0|49920|0.0|0.0|0.0|-3
1773313863.7390852|0.0|49920|0.0|0.0|0.0|-4
1773313863.8392606|0.0|49920|0.0|0.0|0.0|-3
1773313863.939459|0.0|49920|0.0|0.0|0.0|-4
1773313864.0396838|0.0|49920|0.0|0.0|0.0|-4
1773313864.1397917|0.0|49920|0.0|0.0|0.0|-4
1773313864.2399063|0.0|49920|0.0|0.0|0.0|-3
1773313864.3400557|0.0|49920|0.0|0.0|0.0|-4
1773313864.4402158|0.0|49920|0.0|0.0|0.0|-4
1773313864.5403783|0.0|49920|0.0|0.0|0.0|-3
1773313864.6405153|0.0|49920|0.0|0.0|0.0|-4
1773313864.740664|0.0|49920|0.0|0.0|0.0|-3
1773313864.8408244|0.0|49920|0.0|0.0|0.0|-4
1773313864.9409866|0.0|49920|0.0|0.0|0.0|-4
1773313865.0412395|0.0|49920|0.0|0.0|0.0|-3
1773313865.1413906|0.0|49920|0.0|0.0|0.0|-3
1773313865.2416337|0.0|49920|0.0|0.0|0.0|-4
1773313865.341836|0.0|49920|0.0|0.0|0.0|-3
1773313865.4419885|0.0|49920|0.0|0.0|0.0|-3
1773313865.5421462|0.0|49920|0.0|0.0|0.0|-4
1773313865.6423066|0.0|49920|0.0|0.0|0.0|-4
1773313865.7424426|0.0|49920|0.0|0.0|0.0|-4
1773313865.842598|0.0|49920|0.0|0.0|0.0|-3
1773313865.942756|0.0|49920|0.0|0.0|0.0|-3
1773313866.0429163|0.0|49920|0.0|0.0|0.0|-3
1773313866.143056|0.0|49920|0.0|0.0|0.0|-3
1773313866.2432454|0.0|49920|0.0|0.0|0.0|-4
1773313866.3434393|0.0|49920|0.0|0.0|0.0|-3
1773313866.4436016|0.0|49920|0.0|0.0|0.0|-4
1773313866.5437381|0.0|49920|0.0|0.0|0.0|-4
1773313866.6438928|0.0|49920|0.0|0.0|0.0|-4
1773313866.7440836|0.0|49920|0.0|0.0|0.0|-4
1773313866.8442223|0.0|49920|0.0|0.0|0.0|-4
1773313866.9443498|0.0|49920|0.0|0.0|0.0|-3
1773313867.0444913|0.0|49920|0.0|0.0|0.0|-3
1773313867.1446397|0.0|49920|0.0|0.0|0.0|-4
1773313867.2447727|0.0|49920|0.0|0.0|0.0|-4
1773313867.3449495|0.0|49920|0.0|0.0|0.0|-3
1773313867.4451253|0.0|49920|0.0|0.0|0.0|-4
1773313867.5453079|0.0|49920|0.0|0.0|0.0|-4
1773313867.6454687|0.0|49920|0.0|0.0|0.0|-3
1773313867.7455997|0.0|49920|0.0|0.0|0.0|-3
1773313867.8457427|0.0|49920|0.0|0.0|0.0|-3
1773313867.945881|0.0|49920|0.0|0.0|0.0|-3
1773313868.046019|0.0|49920|0.0|0.0|0.0|-4
1773313868.1461623|0.0|49920|0.0|0.0|0.0|-3
1773313868.2463088|0.0|49920|0.0|0.0|0.0|-3
1773313868.3466098|0.0|49920|0.0|0.0|0.0|-3
1773313868.4467607|0.0|49920|0.0|0.0|0.0|-3
1773313868.5469747|0.0|49920|0.0|0.0|0.0|-4
1773313868.6471553|0.0|49920|0.0|0.0|0.0|-3
1773313868.7473173|0.0|49920|0.0|0.0|0.0|-3
1773313868.8474874|0.0|49920|0.0|0.0|0.0|-3
1773313868.9476855|0.0|49920|0.0|0.0|0.0|-3
1773313869.0478737|0.0|49920|0.0|0.0|0.0|-3
1773313869.1480558|0.0|49920|0.0|0.0|0.0|-3
1773313869.2482493|0.0|49920|0.0|0.0|0.0|-4
1773313869.3484385|0.0|49920|0.0|0.0|0.0|-4
1773313869.4486144|0.0|49920|0.0|0.0|0.0|-4
1773313869.548906|0.0|49920|0.0|0.0|0.0|-3
1773313869.6490593|0.0|49920|0.0|0.0|0.0|-4
1773313869.7492049|0.0|49920|0.55|0.0|0.0|-4
1773313869.8493733|0.0|49920|1.0|0.0|0.0|-4
1773313869.9495726|0.0|49920|1.0|0.0|0.0|-4
1773313870.049776|0.0|49920|1.0|0.0|0.0|-4
1773313870.1499524|-0.6831899881362915|49920|1.0|0.0|0.0|-16
1773313870.2501273|-0.8065199851989746|49920|1.0|0.0|0.0|-111
1773313870.3503125|0.0|49920|0.0|0.0|0.0|-130
1773313870.4504952|0.0|49920|0.0|0.0|0.0|-49
1773313870.5506942|0.0|49920|0.0|0.0|0.0|-14
1773313870.6508455|0.0|49920|0.0|0.0|0.0|-7
1773313870.7510211|0.0|49920|1.0|0.0|0.0|-5
1773313870.8512118|0.0|49920|0.94|0.0|0.0|-5
1773313870.951493|-0.710860013961792|49920|0.0|0.0|0.0|-11
1773313871.0516758|-0.999970018863678|49920|0.03|0.0|0.0|-113
1773313871.1518342|0.0|49920|1.0|0.0|0.0|-196
1773313871.2520258|0.0|49920|1.0|0.0|0.0|-113
1773313871.352216|0.0|49920|1.0|0.0|0.0|-41
1773313871.4524145|0.0|49920|1.0|0.0|0.0|-9
1773313871.5526152|0.0|49920|1.0|0.0|0.0|-3
1773313871.6527667|0.0|49920|0.82|0.0|0.0|-2
1773313871.7529538|0.0|49920|0.0|0.0|0.0|-1
1773313871.8531172|0.0|49920|0.0|0.0|0.0|0
1773313871.9532983|-0.999970018863678|49920|0.17|0.0|0.0|-5
1773313872.0535116|0.3456000089645386|49920|1.0|0.0|0.0|-106
1773313872.15369|0.0|49920|0.94|0.0|0.0|-50
1773313872.2538438|0.0|49920|0.0|0.0|0.0|-20
1773313872.3540192|0.0|49920|0.0|0.0|0.0|-3
1773313872.4542098|0.0|49920|0.0|0.0|0.0|1
1773313872.5543869|0.14778000116348267|49920|0.0|0.0|0.0|1
1773313872.6545796|0.46230998635292053|49920|0.0|0.0|0.0|69
1773313872.7548528|0.0|49920|0.0|0.0|0.0|186
1773313872.855084|0.0|49920|0.0|0.0|0.0|153
1773313872.955331|0.0|49920|0.0|0.0|0.0|54
1773313873.055529|0.0|49920|0.0|1.0|9.980236091381308|23
1773313873.15571|0.0|49920|0.0|1.0|0.0|8
1773313873.2559106|0.0|49920|0.0|1.0|0.0|4
1773313873.3561194|0.0|49920|0.0|1.0|0.0|2
1773313873.4563913|0.0|49920|0.0|1.0|0.0|1
1773313873.5565767|0.0|49920|0.0|1.0|0.0|0
1773313873.6567776|0.0|49920|0.0|1.0|0.0|-4
1773313873.7570956|0.0|49920|0.0|1.0|0.0|-4
1773313873.857272|0.0|49920|0.0|1.0|0.0|-5
1773313873.9574451|0.0|49920|0.0|1.0|0.0|-4
1773313874.0576422|0.0|49920|0.0|1.0|0.0|-4
1773313874.1578395|0.0|49920|0.0|0.0|-9.980307335018013|-4
1773313874.2580225|0.0|49920|0.0|0.0|0.0|-4
1773313874.3582156|0.0|49920|0.0|0.0|0.0|-4
1773313874.4585283|0.0|49920|0.0|0.0|0.0|-4
1773313874.5587192|0.0|49920|0.0|0.0|0.0|-4
1773313874.6589434|0.0|49920|0.0|0.0|0.0|-4
1773313874.7591553|0.0|49920|0.0|0.0|0.0|-4
1773313874.8593283|0.0|49920|0.0|0.0|0.0|-4
1773313874.9594753|0.0|49920|0.0|0.0|0.0|-4
1773313875.05961|0.0|49920|0.0|0.0|0.0|-4
1773313875.1597486|0.0|49920|0.0|0.0|0.0|-4
1773313875.2599227|0.0|49920|0.0|0.0|0.0|-4
1773313875.3600922|0.0|49920|0.0|0.0|0.0|-4
1773313875.4602656|0.0|49920|0.0|0.0|0.0|-4
1773313875.5604477|0.0|49920|0.0|0.0|0.0|-4
1773313875.6606238|0.0|49920|0.0|0.0|0.0|-4
1773313875.7607775|0.0|49920|0.0|0.0|0.0|-4
1773313875.8609037|0.0|49920|0.0|0.0|0.0|-4
1773313875.9610164|0.0|49920|0.0|0.0|0.0|-4
1773313876.0611565|0.0|49920|0.0|0.0|0.0|-4
1773313876.1613412|0.0|49920|0.0|0.0|0.0|-4
1773313876.2615294|0.0|49920|0.0|0.0|0.0|-4
1773313876.3617175|0.0|49920|0.0|0.05|0.49906167974318155|-4
1773313876.4618745|0.0|49920|0.0|0.2|1.4976483554675322|-4
1773313876.5620544|0.0|49920|0.0|0.26|0.5989224746242726|-4
1773313876.6622205|0.0|49920|0.0|0.25|-0.09983419299402332|-4
1773313876.7623327|0.0|49920|0.0|0.16|-0.8989913336715083|-4
1773313876.8624399|0.0|49920|0.0|0.12|-0.3995716871487092|-4
1773313876.962562|0.0|49920|0.0|0.06|-0.5992676148905923|-4
1773313877.0626838|0.0|49920|0.0|0.0|-0.5992704689468282|-5
1773313877.1628249|0.0|49920|0.0|0.0|0.0|-4
1773313877.2629266|0.0|49920|0.0|0.0|0.0|-4
1773313877.3630319|0.0|49920|0.0|0.0|0.0|-4
1773313877.4631584|0.0|49920|0.0|0.0|0.0|-4
1773313877.5632498|0.0|49920|0.0|0.0|0.0|-4
1773313877.6633754|0.0|49920|0.0|0.0|0.0|-4
1773313877.7634864|0.0|49920|0.0|0.0|0.0|-4
1773313877.8636632|0.0|49920|0.0|0.04|0.3992940034081281|-4
1773313877.9637942|0.0|49920|0.0|0.11|0.6990839563788752|-4
1773313878.0640652|0.0|49920|0.0|0.18|0.6981082205688985|-4
1773313878.1641922|0.0|49920|0.0|0.18|0.0|-4
1773313878.264326|0.0|49920|0.0|0.25|0.699063982171089|-4
1773313878.3644392|0.0|49920|0.0|0.29|0.399547897738774|-4
1773313878.464533|0.0|49920|0.0|0.31|0.1998124928541486|-4
1773313878.5646312|0.0|49920|0.0|0.3|-0.09990196311945931|-4
1773313878.6647751|0.0|49920|0.0|0.31|0.09985629734735768|-4
1773313878.7650137|0.0|49920|0.0|0.32|0.09976200613180293|-4
1773313878.8651354|0.0|49920|0.0|0.39|0.6991488804379663|-4
1773313878.9652505|0.0|49920|0.0|0.4|0.09988507143146327|-4
1773313879.0653844|0.0|49920|0.0|0.43|0.29959884950189497|-4
1773313879.1655421|0.0|49920|0.0|0.49|0.5990550641288098|-4
1773313879.2657015|0.0|49920|0.0|0.54|0.4992042351921813|-4
1773313879.3658364|0.0|49920|0.0|0.55|0.09986533205078152|-4
1773313879.465936|0.0|49920|0.0|0.63|0.7992042834549643|-4
1773313879.5660233|0.0|49920|0.0|0.76|1.2988647370038375|-4
1773313879.6661274|0.0|49920|0.0|0.88|1.1987521762843947|-4
1773313879.76626|0.0|49920|0.0|0.89|0.09986770987604357|-4
1773313879.8664072|0.0|49920|0.0|0.8|-0.8986767226602671|-4
1773313879.9665337|0.0|49920|0.0|0.34|-4.594188126992745|-4
1773313880.0666459|0.0|49920|0.0|0.0|-3.3961894827590315|-4
1773313880.166767|0.0|49920|0.0|0.0|0.0|-4
1773313880.2668772|0.0|49920|0.0|0.0|0.0|-4
1773313880.3669689|0.0|49920|0.0|0.0|0.0|-4
1773313880.4670722|0.0|49920|0.0|0.0|0.0|-4
1773313880.5672133|0.0|49920|0.0|0.0|0.0|-4
1773313880.667313|0.0|49920|0.0|0.0|0.0|-4
1773313880.7675464|0.0|49920|0.0|0.0|0.0|-4
1773313880.8677654|0.0|49920|0.0|0.0|0.0|-4
1773313880.9678845|0.0|49920|0.0|0.0|0.0|-4
1773313881.0679991|0.0|49920|0.0|0.0|0.0|-4
1773313881.1681166|0.0|49920|0.0|0.01|0.0998826927793905|-4
1773313881.268225|0.0|49920|0.0|0.15|1.39848425164033|-4
1773313881.3683233|0.0|49920|0.0|0.19|0.3996069006747761|-4
1773313881.468458|0.0|49920|0.0|0.2|0.09986556982821233|-4
1773313881.568614|0.0|49920|0.0|0.2|0.0|-4
1773313881.6687496|0.0|49920|0.0|0.22|0.19972923745056526|-5
1773313881.7688491|0.0|49920|0.0|0.25|0.2997016062956117|-4
1773313881.8689733|0.0|49920|0.0|0.35|0.9987603315624916|-4
1773313881.9690936|0.0|49920|0.0|0.33|-0.19975967709288306|-4
1773313882.069215|0.0|49920|0.0|0.32|-0.09987864933085688|-4
1773313882.1693246|0.0|49920|0.0|0.32|0.0|-4
1773313882.2694407|0.0|49920|0.0|0.32|0.0|-4
1773313882.3695383|0.0|49920|0.0|0.32|0.0|-4
1773313882.469649|0.0|49920|0.0|0.33|0.09988935329070371|-4
1773313882.5697796|0.0|49920|0.0|0.33|0.0|-4
1773313882.6699018|0.0|49920|0.0|0.33|0.0|-4
1773313882.7700336|0.0|49920|0.0|0.33|0.0|-4
1773313882.870146|0.0|49920|0.0|0.34|0.09988768807959962|-4
1773313882.9702818|0.0|49920|0.0|0.39|0.49932190476190463|-4
1773313883.070408|0.0|49920|0.0|0.49|0.9987389275169062|-4
1773313883.1706092|0.0|49920|0.0|0.52|0.29939782142126353|-4
1773313883.2707987|0.0|49920|0.0|0.52|0.0|-4
1773313883.3710103|0.0|49920|0.0|0.52|0.0|-4
1773313883.4711418|0.0|49920|0.0|0.52|0.0|-4
1773313883.57127|0.0|49920|0.0|0.52|0.0|-4
1773313883.6714213|0.0|49920|0.0|0.52|0.0|-4
1773313883.7715454|0.0|49920|0.0|0.52|0.0|-4
1773313883.8716686|0.0|49920|0.0|0.54|0.19975396895322522|-4
1773313883.971901|0.0|49920|0.0|0.62|0.798145407404764|-4
1773313884.0720105|0.0|49920|0.0|0.71|0.899014884850794|-4
1773313884.172148|0.0|49920|0.0|0.73|0.19972543314754296|-4
1773313884.2723482|0.0|49920|0.0|0.74|0.09980022366573878|-4
1773313884.3725386|0.0|49920|0.0|0.74|0.0|-4
1773313884.4727116|0.0|49920|0.0|0.74|0.0|-4
1773313884.572834|0.0|49920|0.0|0.74|0.0|-4
1773313884.6730022|0.0|49920|0.0|0.74|0.0|-4
1773313884.7731678|0.0|49920|0.0|0.74|0.0|-4
1773313884.873346|0.0|49920|0.0|0.74|0.0|-4
1773313884.9735556|0.0|49920|0.0|0.75|0.09979096331508494|-4
1773313885.0737257|0.0|49920|0.0|0.73|-0.19966030694238185|-4
1773313885.1739004|0.0|49920|0.0|0.72|-0.0998256390972076|-4
1773313885.2740514|0.0|49920|0.0|0.67|-0.4992458292069773|-4
1773313885.374175|0.0|49920|0.0|0.44|-2.2971597027258075|-4
1773313885.474291|0.0|49920|0.0|0.29|-1.4982617993555871|-4
1773313885.574454|0.0|49920|0.0|0.27|-0.19967456452296245|-4
1773313885.6746395|0.0|49920|0.0|0.28|0.09981494878726735|-4
1773313885.7748144|0.0|49920|0.0|0.31|0.29947620452965956|-4
1773313885.87495|0.0|49920|0.0|0.37|0.5991877123516961|-4
1773313885.9751027|0.0|49920|0.0|0.37|0.0|-4
1773313886.0752687|0.0|49920|0.0|0.42|0.4991709649701161|-4
1773313886.1754503|0.0|49920|0.0|0.58|1.5970999923844336|-4
1773313886.2756119|0.0|49920|0.0|0.76|1.7970967465508874|-4
1773313886.3757827|0.0|49920|0.0|0.85|0.8984649658333865|-4
1773313886.4759243|0.0|49920|0.0|1.0|1.4978801211359354|-4
1773313886.5760157|0.0|49920|0.0|1.0|0.0|-4
1773313886.6761327|0.0|49920|0.0|1.0|0.0|-4
1773313886.776256|0.0|49920|0.0|1.0|0.0|-4
1773313886.8763947|0.0|49920|0.0|1.0|0.0|-4
1773313886.9765048|0.0|49920|0.0|1.0|0.0|-4
1773313887.076605|0.0|49920|0.0|1.0|0.0|-4
1773313887.1767206|0.0|49920|0.0|1.0|0.0|-4
1773313887.276843|0.0|49920|0.0|1.0|0.0|-4
1773313887.3770008|0.0|49920|0.0|1.0|0.0|-4
1773313887.4771602|0.0|49920|0.0|0.21|-7.887426916036459|-4
1773313887.577319|0.0|49920|0.0|0.0|-2.096672760511883|-4
1773313887.6774514|0.0|49920|0.0|0.0|0.0|-4
1773313887.7775948|0.0|49920|0.0|0.0|0.0|-4
1773313887.8777614|0.0|49920|0.0|0.0|0.0|-4
1773313887.977945|0.0|49920|0.0|0.0|0.0|-4
1773313888.0781|0.0|49920|0.0|0.0|0.0|-4
1773313888.1782415|0.0|49920|0.0|0.0|0.0|-4
1773313888.2784054|0.0|49920|0.0|0.0|0.0|-4
1773313888.3785477|0.0|49920|0.0|0.0|0.0|-4
1773313888.4786544|0.0|49920|0.0|0.0|0.0|-4
1773313888.578763|0.0|49920|0.0|0.0|0.0|-4
1773313888.6788704|0.0|49920|0.0|0.0|0.0|-4
1773313888.7789814|0.0|49920|0.0|0.0|0.0|-4
1773313888.8790977|0.0|49920|0.0|0.0|0.0|-4
1773313888.979212|0.0|49920|0.0|0.0|0.0|-4
1773313889.0793257|0.0|49920|0.0|0.0|0.0|-4
1773313889.179463|0.0|49920|0.0|0.0|0.0|-4
1773313889.2796335|0.0|49920|0.0|0.0|0.0|-4
1773313889.3798342|0.0|49920|0.0|0.0|0.0|-4
1773313889.480004|0.0|49920|0.0|0.0|0.0|-4
1773313889.5801225|0.0|49920|0.0|0.0|0.0|-4
1773313889.6802468|0.0|49920|0.0|0.0|0.0|-4
1773313889.7803776|0.0|49920|0.0|0.0|0.0|-4
1773313889.8805218|0.0|49920|0.0|0.0|0.0|-4
1773313889.9806733|0.0|49920|0.0|0.0|0.0|-4
1773313890.0808334|0.0|49920|0.0|0.0|0.0|-4
1773313890.180975|0.0|49920|0.0|0.0|0.0|-4
1773313890.2811294|0.0|49920|0.0|0.0|0.0|-4
1773313890.3813257|0.0|49920|0.0|0.0|0.0|-4
1773313890.4814608|0.0|49920|0.0|0.0|0.0|-4
1773313890.58158|0.0|49920|0.0|0.0|0.0|-4
1773313890.6816893|0.0|49920|0.0|0.0|0.0|-4
1773313890.781825|0.0|49920|0.0|0.0|0.0|-4
1773313890.8819523|0.0|49920|0.0|0.0|0.0|-4
1773313890.9820626|0.0|49920|0.0|0.0|0.0|-4
1773313891.0821643|0.0|49920|0.0|0.0|0.0|-4
1773313891.182286|0.0|49920|0.0|0.0|0.0|-4
1773313891.2824218|0.0|49920|0.0|0.0|0.0|-4
1773313891.3826056|0.0|49920|0.0|0.0|0.0|-4
1773313891.4827616|0.0|49920|0.0|0.0|0.0|-4
1773313891.5829031|0.0|49920|0.0|0.0|0.0|-4
1773313891.6830053|0.0|49920|0.0|0.0|0.0|-4
1773313891.783145|0.0|49920|0.0|0.0|0.0|-4
1773313891.8833394|0.0|49920|0.0|0.0|0.0|-4
1773313891.9835575|0.0|49920|0.0|0.0|0.0|-4
1773313892.0837417|0.0|49920|0.0|0.0|0.0|-4
1773313892.1838865|0.0|49920|0.0|0.0|0.0|-4
1773313892.284017|0.0|49920|0.0|0.0|0.0|-4
1773313892.3841915|0.0|49920|0.0|0.0|0.0|-4
1773313892.4843524|0.0|49920|0.0|0.0|0.0|-4
1773313892.5844684|0.0|49920|0.0|0.0|0.0|-4
1773313892.684603|0.0|49920|0.0|0.0|0.0|-4
1773313892.784748|0.0|49920|0.0|0.0|0.0|-4
1773313892.8848443|0.0|49920|0.0|0.0|0.0|-4
1773313892.9850032|0.0|49920|0.0|0.0|0.0|-4
1773313893.0851345|0.0|49920|0.0|0.0|0.0|-4
1773313893.1852422|0.0|49920|0.0|0.0|0.0|-4
1773313893.2853625|0.0|49920|0.0|0.0|0.0|-4
1773313893.3855112|0.0|49920|0.0|0.0|0.0|-4
1773313893.4856431|0.0|49920|0.0|0.0|0.0|-4
1773313893.5857785|0.0|49920|0.0|0.0|0.0|-4
1773313893.685976|0.0|49920|0.0|0.0|0.0|-4
1773313893.7861714|0.0|49920|0.0|0.0|0.0|-4
1773313893.8863482|0.0|49920|0.0|0.0|0.0|-4
1773313893.9864604|0.0|49920|0.0|0.0|0.0|-4
1773313894.0865982|0.0|49920|0.0|0.0|0.0|-4
1773313894.1867292|0.0|49920|0.0|0.0|0.0|-4
1773313894.2868562|0.0|49920|0.0|0.0|0.0|-4
1773313894.3870268|0.0|49920|0.0|0.0|0.0|-4
1773313894.4871945|0.0|49920|0.0|0.0|0.0|-4
1773313894.5874114|0.0|49920|0.0|0.0|0.0|-4
1773313894.6876175|0.0|49920|0.0|0.0|0.0|-4
1773313894.7877967|0.0|49920|0.0|0.0|0.0|-4
1773313894.8879461|0.0|49920|0.0|0.0|0.0|-4
1773313894.988136|0.0|49920|0.0|0.0|0.0|-4
1773313895.0883281|0.0|49920|0.0|0.0|0.0|-4
1773313895.1885235|0.0|49920|0.0|0.0|0.0|-4
1773313895.2886705|0.0|49920|0.0|0.0|0.0|-4
1773313895.3888042|0.0|49920|0.0|0.0|0.0|-4
1773313895.488932|0.0|49920|0.0|0.0|0.0|-4
1773313895.5890608|0.0|49920|0.0|0.0|0.0|-4
1773313895.6891809|0.0|49920|0.0|0.0|0.0|-4
1773313895.7892811|0.0|49920|0.0|0.0|0.0|-4
1773313895.8893778|0.0|49920|0.0|0.0|0.0|-4
1773313895.989531|0.0|49920|0.0|0.0|0.0|-4
1773313896.0896704|0.0|49920|0.0|0.0|0.0|-4
1773313896.189774|0.0|49920|0.0|0.0|0.0|-4
1773313896.2899044|0.0|49920|0.0|0.0|0.0|-4
1773313896.3900406|0.0|49920|0.0|0.0|0.0|-4
1773313896.490214|0.0|49920|0.0|0.0|0.0|-4
1773313896.5903413|0.0|49920|0.0|0.0|0.0|-4
1773313896.6904616|0.0|49920|0.0|0.0|0.0|-4
1773313896.790584|0.0|49920|0.0|0.0|0.0|-4
1773313896.890731|0.0|49920|0.0|0.0|0.0|-4
1773313896.9909053|0.0|49920|0.0|0.0|0.0|-4
1773313897.0910134|0.0|49920|0.0|0.0|0.0|-4
1773313897.1911561|0.0|49920|0.0|0.0|0.0|-4
1773313897.2913427|0.0|49920|0.0|0.0|0.0|-4
1773313897.3915193|0.0|49920|0.0|0.0|0.0|-4
1773313897.491664|0.0|49920|0.0|0.0|0.0|-4
1773313897.5918293|0.0|49920|0.0|0.0|0.0|-4
1773313897.6919453|0.0|49920|0.0|0.0|0.0|-4
1773313897.7920463|0.0|49920|0.0|0.0|0.0|-4
1773313897.8921924|0.0|49920|0.0|0.0|0.0|-4
1773313897.992332|0.0|49920|0.0|0.0|0.0|-4
1773313898.092471|0.0|49920|0.0|0.0|0.0|-4
1773313898.1926453|0.0|49920|0.0|0.0|0.0|-4
1773313898.2928085|0.0|49920|0.0|0.0|0.0|-4
1773313898.3929136|0.0|49920|0.0|0.0|0.0|-4
1773313898.4930356|0.0|49920|0.0|0.0|0.0|-4
1773313898.593199|0.0|49920|0.0|0.0|0.0|-4
1773313898.6933513|0.0|49920|0.0|0.0|0.0|-4
1773313898.7934556|0.0|49920|0.0|0.0|0.0|-4
1773313898.8935761|0.0|49920|0.0|0.0|0.0|-4
1773313898.9936993|0.0|49920|0.0|0.0|0.0|-4
1773313899.0938108|0.0|49920|0.0|0.0|0.0|-4
1773313899.1939383|0.0|49920|0.0|0.0|0.0|-4
1773313899.2940538|0.0|49920|0.0|0.0|0.0|-4
1773313899.3941777|0.0|49920|0.0|0.0|0.0|-4
1773313899.4943078|0.0|49920|0.0|0.0|0.0|-4
1773313899.594445|0.0|49920|0.0|0.0|0.0|-4
1773313899.694572|0.0|49920|0.0|0.0|0.0|-4
1773313899.7947547|0.0|49920|0.0|0.0|0.0|-4
1773313899.8949714|0.0|49920|0.0|0.0|0.0|-4
1773313899.9951217|0.0|49920|0.0|0.0|0.0|-4
1773313900.0952415|0.0|49920|0.0|0.0|0.0|-4
1773313900.1953502|0.0|49920|0.0|0.0|0.0|-4
1773313900.2954996|0.0|49920|0.0|0.0|0.0|-4
1773313900.3956835|0.0|49920|0.0|0.0|0.0|-4
1773313900.4958713|0.0|49920|0.0|0.0|0.0|-4
1773313900.595974|0.0|49920|0.0|0.0|0.0|-4
1773313900.6961079|0.0|49920|0.0|0.0|0.0|-4
1773313900.7962914|0.0|49920|0.0|0.0|0.0|-4
1773313900.8964584|0.0|49920|0.0|0.0|0.0|-4
1773313900.9966063|0.0|49920|0.0|0.0|0.0|-4
1773313901.0967653|0.0|49920|0.0|0.0|0.0|-4
1773313901.1969342|0.0|49920|0.0|0.0|0.0|-4
1773313901.297118|0.0|49920|0.0|0.0|0.0|-4
1773313901.3973346|0.0|49920|0.0|0.0|0.0|-4
1773313901.4975464|0.0|49920|0.0|0.0|0.0|-4
1773313901.5977702|0.0|49920|0.0|0.0|0.0|-4
1773313901.6979218|0.0|49920|0.0|0.0|0.0|-4
1773313901.7980747|0.0|49920|0.0|0.0|0.0|-4
1773313901.8982737|0.0|49920|0.0|0.0|0.0|-4
1773313901.9984605|0.0|49920|0.0|0.0|0.0|-4
1773313902.0986347|0.0|49920|0.0|0.0|0.0|-4
1773313902.1988115|0.0|49920|0.0|0.0|0.0|-4
1773313902.2990098|0.0|49920|0.0|0.0|0.0|-4
1773313902.399168|0.0|49920|0.0|0.0|0.0|-4
1773313902.4993691|0.0|49920|0.0|0.0|0.0|-4
1773313902.5995514|0.0|49920|0.0|0.0|0.0|-4
1773313902.6997218|0.0|49920|0.0|0.0|0.0|-4
1773313902.7999082|0.0|49920|0.0|0.0|0.0|-4
1773313902.900061|0.0|49920|0.0|0.0|0.0|-4
1773313903.0002496|0.0|49920|0.0|0.0|0.0|-4
1773313903.1004233|0.0|49920|0.0|0.0|0.0|-4
1773313903.2005353|0.0|49920|0.0|0.0|0.0|-4
1773313903.3006496|0.0|49920|0.0|0.0|0.0|-4
1773313903.4008205|0.0|49920|0.0|0.0|0.0|-4
1773313903.501001|0.0|49920|0.0|0.0|0.0|-4
1773313903.6011608|0.0|49920|0.0|0.0|0.0|-4
1773313903.701276|0.0|49920|0.0|0.0|0.0|-4
1773313903.8013985|0.0|49920|0.0|0.0|0.0|-4
1773313903.9015107|0.0|49920|0.0|0.0|0.0|-4
1773313904.0016165|0.0|49920|0.0|0.0|0.0|-4
1773313904.1017776|0.0|49920|0.0|0.0|0.0|-4
1773313904.201967|0.0|49920|0.0|0.0|0.0|-4
1773313904.302162|0.0|49920|0.0|0.0|0.0|-4
1773313904.402356|0.0|49920|0.0|0.0|0.0|-4
1773313904.5025153|0.0|49920|0.0|0.0|0.0|-4
1773313904.6026983|0.0|49920|0.0|0.0|0.0|-4
1773313904.7028444|0.0|49920|0.0|0.0|0.0|-4
1773313904.8029907|0.0|49920|0.0|0.0|0.0|-4
1773313904.9031606|0.0|49920|0.0|0.0|0.0|-4
1773313905.003325|0.0|49920|0.0|0.0|0.0|-4
1773313905.103536|0.0|49920|0.0|0.0|0.0|-4
1773313905.2036808|0.0|49920|0.0|0.0|0.0|-4
1773313905.3038323|0.0|49920|0.0|0.0|0.0|-4
1773313905.4040108|0.0|49920|0.0|0.0|0.0|-4
1773313905.5041869|0.0|49920|0.0|0.0|0.0|-4
1773313905.6043365|0.0|49920|0.0|0.0|0.0|-4
1773313905.7045593|0.0|49920|0.0|0.0|0.0|-4
1773313905.8047602|0.0|49920|0.0|0.0|0.0|-4
1773313905.9049463|0.0|49920|0.0|0.0|0.0|-4
1773313906.005107|0.0|49920|0.0|0.0|0.0|-4
1773313906.1052966|0.0|49920|0.0|0.0|0.0|-4
1773313906.205482|0.0|49920|0.0|0.0|0.0|-4
1773313906.3056622|0.0|49920|0.0|0.0|0.0|-4
1773313906.4058437|0.0|49920|0.0|0.0|0.0|-4
1773313906.5060081|0.0|49920|0.0|0.0|0.0|-4
1773313906.6061478|0.0|49920|0.0|0.0|0.0|-4
1773313906.7062383|0.0|49920|0.0|0.0|0.0|-4
1773313906.80636|0.0|49920|0.0|0.0|0.0|-4
1773313906.9065256|0.0|49920|0.0|0.0|0.0|-4
1773313907.0066903|0.0|49920|0.0|0.0|0.0|-4
1773313907.1068368|0.0|49920|0.0|0.0|0.0|-4
1773313907.2069778|0.0|49920|0.0|0.0|0.0|-4
1773313907.3070939|0.0|49920|0.0|0.0|0.0|-4
1773313907.407221|0.0|49920|0.0|0.0|0.0|-4
1773313907.5073342|0.0|49920|0.0|0.0|0.0|-4
1773313907.607467|0.0|49920|0.0|0.0|0.0|-4
1773313907.7076118|0.0|49920|0.0|0.0|0.0|-4
1773313907.8077316|0.0|49920|0.0|0.0|0.0|-4
1773313907.907821|0.0|49920|0.0|0.0|0.0|-4
1773313908.0079315|0.0|49920|0.0|0.0|0.0|-4
1773313908.108022|0.0|49920|0.0|0.0|0.0|-4
1773313908.2081337|0.0|49920|0.0|0.0|0.0|-4
1773313908.3082664|0.0|49920|0.0|0.0|0.0|-4
1773313908.4084027|0.0|49920|0.0|0.0|0.0|-4
1773313908.5085332|0.0|49920|0.0|0.0|0.0|-4
1773313908.6086712|0.0|49920|0.0|0.0|0.0|-4
1773313908.7088194|0.0|49920|0.0|0.0|0.0|-4
1773313908.8089182|0.0|49920|0.0|0.0|0.0|-4
1773313908.9090548|0.0|49920|0.0|0.0|0.0|-4
1773313909.009221|0.0|49920|0.0|0.0|0.0|-4
1773313909.109344|0.0|49920|0.0|0.0|0.0|-4
1773313909.2094576|0.0|49920|0.0|0.0|0.0|-4
1773313909.3096027|0.0|49920|0.0|0.0|0.0|-4
1773313909.4097745|0.0|49920|0.0|0.0|0.0|-4
1773313909.5099907|0.0|49920|0.0|0.0|0.0|-4
1773313909.6102295|0.0|49920|0.0|0.0|0.0|-4
1773313909.7104552|0.0|49920|0.0|0.0|0.0|-4
1773313909.8106503|0.0|49920|0.0|0.0|0.0|-4
1773313909.9108698|0.0|49920|0.0|0.0|0.0|-4
1773313910.0110605|0.0|49920|0.0|0.0|0.0|-4
1773313910.1112385|0.0|49920|0.0|0.0|0.0|-4
1773313910.2113652|0.0|49920|0.0|0.0|0.0|-4
1773313910.3115065|0.0|49920|0.0|0.0|0.0|-4
1773313910.411648|0.0|49920|0.0|0.0|0.0|-4
1773313910.5118198|0.0|49920|0.0|0.0|0.0|-4
1773313910.6120126|0.0|49920|0.0|0.0|0.0|-4
1773313910.7121859|0.0|49920|0.0|0.0|0.0|-4
1773313910.8123298|0.0|49920|0.0|0.0|0.0|-4
1773313910.912502|0.0|49920|0.0|0.0|0.0|-4
1773313911.0126703|0.0|49920|0.0|0.0|0.0|-4
1773313911.1128483|0.0|49920|0.0|0.0|0.0|-4
1773313911.2130077|0.0|49920|0.0|0.0|0.0|-4
1773313911.3131545|0.0|49920|0.0|0.0|0.0|-4
1773313911.4133167|0.0|49920|0.0|0.0|0.0|-4
1773313911.5134847|0.0|49920|0.0|0.0|0.0|-4
1773313911.6136546|0.0|49920|0.0|0.0|0.0|-4
1773313911.713806|0.0|49920|0.0|0.0|0.0|-4
1773313911.8139446|0.0|49920|0.0|0.0|0.0|-4
1773313911.9141438|0.0|49920|0.0|0.0|0.0|-4
1773313912.0143275|0.0|49920|0.0|0.0|0.0|-4
1773313912.1145005|0.0|49920|0.0|0.0|0.0|-4
1773313912.2146354|0.0|49920|0.0|0.0|0.0|-4
1773313912.3147686|0.0|49920|0.0|0.0|0.0|-4
1773313912.414898|0.0|49920|0.0|0.0|0.0|-4
1773313912.5150156|0.0|49920|0.0|0.0|0.0|-4
1773313912.6151612|0.0|49920|0.0|0.0|0.0|-4
1773313912.715316|0.0|49920|0.0|0.0|0.0|-4
1773313912.815452|0.0|49920|0.0|0.0|0.0|-4
1773313912.9156225|0.0|49920|0.0|0.0|0.0|-4
1773313913.0157828|0.0|49920|0.0|0.0|0.0|-4
1773313913.115947|0.0|49920|0.0|0.0|0.0|-4
1773313913.216072|0.0|49920|0.0|0.0|0.0|-4
1773313913.316208|0.0|49920|0.0|0.0|0.0|-4
1773313913.4163058|0.0|49920|0.0|0.0|0.0|-4
1773313913.5164175|0.0|49920|0.0|0.0|0.0|-4
1773313913.6165524|0.0|49920|0.0|0.0|0.0|-4
1773313913.7167609|0.0|49920|0.0|0.0|0.0|-4
1773313913.8169112|0.0|49920|0.0|0.0|0.0|-4
1773313913.917094|0.0|49920|0.0|0.0|0.0|-4
1773313914.0172122|0.0|49920|0.0|0.0|0.0|-4
1773313914.1173403|0.0|49920|0.0|0.0|0.0|-4
1773313914.217449|0.0|49920|0.0|0.0|0.0|-4
1773313914.3175554|0.0|49920|0.0|0.0|0.0|-4
1773313914.4176602|0.0|49920|0.0|0.0|0.0|-4
1773313914.5178|0.0|49920|0.0|0.0|0.0|-4
1773313914.6179073|0.0|49920|0.0|0.0|0.0|-4
1773313914.7180054|0.0|49920|0.0|0.0|0.0|-4
1773313914.8181238|0.0|49920|0.0|0.0|0.0|-4
1773313914.9182382|0.0|49920|0.0|0.0|0.0|-4
1773313915.018372|0.0|49920|0.0|0.0|0.0|-4
1773313915.1184938|0.0|49920|0.0|0.0|0.0|-4
1773313915.2186062|0.0|49920|0.0|0.0|0.0|-4
1773313915.318701|0.0|49920|0.0|0.0|0.0|-4
1773313915.418865|0.0|49920|0.0|0.0|0.0|-4
1773313915.518972|0.0|49920|0.0|0.0|0.0|-4
1773313915.6190727|0.0|49920|0.0|0.0|0.0|-4
1773313915.719192|0.0|49920|0.0|0.0|0.0|-4
1773313915.8193207|0.0|49920|0.0|0.0|0.0|-4
1773313915.9194586|0.0|49920|0.0|0.0|0.0|-4
1773313916.0196211|0.0|49920|0.0|0.0|0.0|-4
1773313916.1197553|0.0|49920|0.0|0.0|0.0|-4
1773313916.2198977|0.0|49920|0.0|0.0|0.0|-4
1773313916.320013|0.0|49920|0.0|0.0|0.0|-4
1773313916.420137|0.0|49920|0.0|0.0|0.0|-4
1773313916.5202637|0.0|49920|0.0|0.0|0.0|-4
1773313916.6203678|0.0|49920|0.0|0.0|0.0|-4
1773313916.7204578|0.0|49920|0.0|0.0|0.0|-4
1773313916.8205676|0.0|49920|0.0|0.0|0.0|-4
1773313916.9206614|0.0|49920|0.0|0.0|0.0|-4
1773313917.0207596|0.0|49920|0.0|0.0|0.0|-4
1773313917.1208727|0.0|49920|0.0|0.0|0.0|-4
1773313917.220948|0.0|49920|0.0|0.0|0.0|-4
1773313917.3210437|0.0|49920|0.0|0.0|0.0|-4
1773313917.4211318|0.0|49920|0.0|0.0|0.0|-4
1773313917.5212448|0.0|49920|0.0|0.0|0.0|-4
1773313917.6213741|0.0|49920|0.0|0.0|0.0|-4
1773313917.7215068|0.0|49920|0.0|0.0|0.0|-4
1773313917.8216383|0.0|49920|0.0|0.0|0.0|-4
1773313917.921822|0.0|49920|0.0|0.0|0.0|-4
1773313918.0219824|0.0|49920|0.0|0.0|0.0|-4
1773313918.1221075|0.0|49920|0.0|0.0|0.0|-4
1773313918.2223916|0.0|49920|0.0|0.0|0.0|-4
1773313918.3225217|0.0|49920|0.0|0.0|0.0|-4
1773313918.4226449|0.0|49920|0.0|0.0|0.0|-4
1773313918.5227656|0.0|49920|0.0|0.0|0.0|-4
1773313918.6228938|0.0|49920|0.0|0.0|0.0|-4
1773313918.7229953|0.0|49920|0.0|0.0|0.0|-4
1773313918.823105|0.0|49920|0.0|0.0|0.0|-4
1773313918.923209|0.0|49920|0.0|0.0|0.0|-4
1773313919.0233305|0.0|49920|0.0|0.0|0.0|-4
1773313919.1234488|0.0|49920|0.0|0.0|0.0|-4
1773313919.2235718|0.0|49920|0.0|0.0|0.0|-4
1773313919.323704|0.0|49920|0.0|0.0|0.0|-4
1773313919.4238489|0.0|49920|0.0|0.0|0.0|-4
1773313919.5240242|0.0|49920|0.0|0.0|0.0|-4
1773313919.6242182|0.0|49920|0.0|0.0|0.0|-4
1773313919.7243392|0.0|49920|0.0|0.0|0.0|-4
1773313919.8244412|0.0|49920|0.0|0.0|0.0|-4
1773313919.9245496|0.0|49920|0.0|0.0|0.0|-4
1773313920.0246813|0.0|49920|0.0|0.0|0.0|-4
1773313920.1248267|0.0|49920|0.0|0.0|0.0|-4
1773313920.2249432|0.0|49920|0.0|0.0|0.0|-4
1773313920.325122|0.0|49920|0.0|0.0|0.0|-4
1773313920.4252808|0.0|49920|0.0|0.0|0.0|-4
1773313920.525444|0.0|49920|0.0|0.0|0.0|-4
1773313920.6256316|0.0|49920|0.0|0.0|0.0|-4
1773313920.7257454|0.0|49920|0.0|0.0|0.0|-4
1773313920.825822|0.0|49920|0.0|0.0|0.0|-4
1773313920.925921|0.0|49920|0.0|0.0|0.0|-4
1773313921.026015|0.0|49920|0.0|0.0|0.0|-4
1773313921.1261263|0.0|49920|0.0|0.0|0.0|-4
1773313921.2262497|0.0|49920|0.0|0.0|0.0|-4
1773313921.3263931|0.0|49920|0.0|0.0|0.0|-4
1773313921.4265425|0.0|49920|0.0|0.0|0.0|-4
1773313921.526764|0.0|49920|0.0|0.0|0.0|-4
1773313921.6268961|0.0|49920|0.0|0.0|0.0|-4
1773313921.7270024|0.0|49920|0.0|0.0|0.0|-4
1773313921.827139|0.0|49920|0.0|0.0|0.0|-4
1773313921.9272923|0.0|49920|0.0|0.0|0.0|-4
1773313922.0274434|0.0|49920|0.0|0.0|0.0|-4
1773313922.1275764|0.0|49920|0.0|0.0|0.0|-4
1773313922.2277107|0.0|49920|0.0|0.0|0.0|-4
1773313922.327834|0.0|49920|0.0|0.0|0.0|-4
1773313922.4279668|0.0|49920|0.0|0.0|0.0|-4
1773313922.5280795|0.0|49920|0.0|0.0|0.0|-4
1773313922.628222|0.0|49920|0.0|0.0|0.0|-4
1773313922.7283716|0.0|49920|0.0|0.0|0.0|-4
1773313922.8284836|0.0|49920|0.0|0.0|0.0|-4
1773313922.928616|0.0|49920|0.0|0.0|0.0|-4
1773313923.0287657|0.0|49920|0.0|0.0|0.0|-4
1773313923.1289308|0.0|49920|0.0|0.0|0.0|-4
1773313923.229073|0.0|49920|0.0|0.0|0.0|-4
1773313923.329206|0.0|49920|0.0|0.0|0.0|-4
1773313923.4293342|0.0|49920|0.0|0.0|0.0|-4
1773313923.5294602|0.0|49920|0.0|0.0|0.0|-4
1773313923.629607|0.0|49920|0.0|0.0|0.0|-4
1773313923.7298086|0.0|49920|0.0|0.0|0.0|-4
1773313923.8300016|0.0|49920|0.0|0.0|0.0|-4
1773313923.9302025|0.0|49920|0.0|0.0|0.0|-5
1773313924.030343|0.0|49920|0.0|0.0|0.0|-4
1773313924.1304882|0.0|49920|0.0|0.0|0.0|-4
1773313924.2306142|0.0|49920|0.0|0.0|0.0|-4
1773313924.3307505|0.0|49920|0.0|0.0|0.0|-4
1773313924.430921|0.0|49920|0.0|0.0|0.0|-4
1773313924.531025|0.0|49920|0.0|0.0|0.0|-4
1773313924.6311586|0.0|49920|0.0|0.0|0.0|-4
1773313924.7312791|0.0|49920|0.0|0.0|0.0|-4
1773313924.8314085|0.0|49920|0.0|0.0|0.0|-4
1773313924.931573|0.0|49920|0.0|0.0|0.0|-4
1773313925.031713|0.0|49920|0.0|0.0|0.0|-4
1773313925.1318483|0.0|49920|0.0|0.0|0.0|-4
1773313925.2319684|0.0|49920|0.0|0.0|0.0|-4
1773313925.3321052|0.0|49920|0.0|0.0|0.0|-4
1773313925.432269|0.0|49920|0.0|0.0|0.0|-4
1773313925.5325184|0.0|49920|0.0|0.0|0.0|-4
1773313925.6326485|0.0|49920|0.0|0.0|0.0|-4
1773313925.7328875|0.0|49920|0.0|0.0|0.0|-4
1773313925.8330116|0.0|49920|0.0|0.0|0.0|-4
1773313925.933144|0.0|49920|0.0|0.0|0.0|-4
1773313926.0333588|0.0|49920|0.0|0.0|0.0|-4
1773313926.1335027|0.0|49920|0.0|0.0|0.0|-4
1773313926.2337306|0.0|49920|0.0|0.0|0.0|-4
1773313926.3339481|0.0|49920|0.0|0.0|0.0|-4
1773313926.4340553|0.0|49920|0.0|0.0|0.0|-4
1773313926.5342739|0.0|49920|0.0|0.0|0.0|-4
1773313926.6344872|0.0|49920|0.0|0.0|0.0|-4
1773313926.7347357|0.0|49920|0.0|0.0|0.0|-4
1773313926.835035|0.0|49920|0.0|0.0|0.0|-4
1773313926.935188|0.0|49920|0.0|0.0|0.0|-4
1773313927.035293|0.0|49920|0.0|0.0|0.0|-4
1773313927.1354122|0.0|49920|0.0|0.0|0.0|-4
1773313927.2355285|0.0|49920|0.0|0.0|0.0|-4
1773313927.3356454|0.0|49920|0.0|0.0|0.0|-4
1773313927.4357991|0.0|49920|0.0|0.0|0.0|-4
1773313927.5358915|0.0|49920|0.0|0.0|0.0|-4
1773313927.6360028|0.0|49920|0.0|0.0|0.0|-4
1773313927.736118|0.0|49920|0.0|0.0|0.0|-4
1773313927.8362284|0.0|49920|0.0|0.0|0.0|-4
1773313927.9363427|0.0|49920|0.0|0.0|0.0|-4
1773313928.0364616|0.0|49920|0.0|0.0|0.0|-4
1773313928.1366858|0.0|49920|0.0|0.0|0.0|-4
1773313928.2369041|0.0|49920|0.0|0.0|0.0|-4
1773313928.3369865|0.0|49920|0.0|0.0|0.0|-4
1773313928.4370713|0.0|49920|0.0|0.0|0.0|-4
1773313928.53719|0.0|49920|0.0|0.0|0.0|-4
1773313928.6373029|0.0|49920|0.0|0.0|0.0|-4
1773313928.7374957|0.0|49920|0.0|0.0|0.0|-4
1773313928.8376424|0.0|49920|0.0|0.0|0.0|-4
1773313928.9377503|0.0|49920|0.0|0.0|0.0|-4
1773313929.037879|0.0|49920|0.0|0.0|0.0|-4
1773313929.1380272|0.0|49920|0.0|0.0|0.0|-5
1773313929.2381568|0.0|49920|0.0|0.0|0.0|-4
1773313929.338283|0.0|49920|0.0|0.0|0.0|-4
1773313929.4384253|0.0|49920|0.0|0.0|0.0|-4
1773313929.5385776|0.0|49920|0.0|0.0|0.0|-4
1773313929.6386986|0.0|49920|0.0|0.0|0.0|-4
1773313929.7388206|0.0|49920|0.0|0.0|0.0|-4
1773313929.8389332|0.0|49920|0.0|0.0|0.0|-4
1773313929.939072|0.0|49920|0.0|0.0|0.0|-4
1773313930.0392032|0.0|49920|0.0|0.0|0.0|-4
1773313930.1393542|0.0|49920|0.0|0.0|0.0|-4
1773313930.239551|0.0|49920|0.0|0.0|0.0|-4
1773313930.3396633|0.0|49920|0.0|0.0|0.0|-4
1773313930.4397814|0.0|49920|0.0|0.0|0.0|-4
1773313930.5398996|0.0|49920|0.0|0.0|0.0|-4
1773313930.640019|0.0|49920|0.0|0.0|0.0|-4
1773313930.7401521|0.0|49920|0.0|0.0|0.0|-4
1773313930.840389|0.0|49920|0.0|0.0|0.0|-4
1773313930.940516|0.0|49920|0.0|0.0|0.0|-4
1773313931.0406392|0.0|49920|0.0|0.0|0.0|-4
1773313931.1407504|0.0|49920|0.0|0.0|0.0|-4
1773313931.2409277|0.0|49920|0.0|0.0|0.0|-4
1773313931.341068|0.0|49920|0.0|0.0|0.0|-4
1773313931.4412386|0.0|49920|0.0|0.0|0.0|-4
1773313931.541384|0.0|49920|0.0|0.0|0.0|-4
1773313931.6415026|0.0|49920|0.0|0.0|0.0|-4
1773313931.741624|0.0|49920|0.0|0.0|0.0|-4
1773313931.8417425|0.0|49920|0.0|0.0|0.0|-4
1773313931.9418218|0.0|49920|0.0|0.0|0.0|-4
1773313932.0419137|0.0|49920|0.0|0.0|0.0|-4
1773313932.1420114|0.0|49920|0.0|0.0|0.0|-4
1773313932.2421293|0.0|49920|0.0|0.0|0.0|-4
1773313932.3422341|0.0|49920|0.0|0.0|0.0|-4
1773313932.4423423|0.0|49920|0.0|0.0|0.0|-4
1773313932.5425103|0.0|49920|0.0|0.0|0.0|-4
1773313932.6426945|0.0|49920|0.0|0.0|0.0|-4
1773313932.742838|0.0|49920|0.0|0.0|0.0|-4
1773313932.8429875|0.0|49920|0.0|0.0|0.0|-4
1773313932.9431345|0.0|49920|0.0|0.0|0.0|-4
1773313933.0433862|0.0|49920|0.0|0.0|0.0|-5
1773313933.1436043|0.0|49920|0.0|0.0|0.0|-4
1773313933.243723|0.0|49920|0.0|0.0|0.0|-4
1773313933.3438377|0.0|49920|0.0|0.0|0.0|-4
1773313933.443958|0.0|49920|0.0|0.0|0.0|-4
1773313933.5440736|0.0|49920|0.0|0.0|0.0|-4
1773313933.6442053|0.0|49920|0.0|0.0|0.0|-4
1773313933.7443452|0.0|49920|0.0|0.0|0.0|-4
1773313933.8444743|0.0|49920|0.0|0.0|0.0|-4
1773313933.94461|0.0|49920|0.0|0.0|0.0|-4
1773313934.04473|0.0|49920|0.0|0.0|0.0|-4
1773313934.1449437|0.0|49920|0.0|0.0|0.0|-4
1773313934.2450664|0.0|49920|0.0|0.0|0.0|-4
1773313934.345186|0.0|49920|0.0|0.0|0.0|-4
1773313934.4452991|0.0|49920|0.0|0.0|0.0|-4
1773313934.545397|0.0|49920|0.0|0.0|0.0|-4
1773313934.6454887|0.0|49920|0.0|0.0|0.0|-4
1773313934.7455935|0.0|49920|0.0|0.0|0.0|-4
1773313934.845743|0.0|49920|0.0|0.0|0.0|-4
1773313934.9458978|0.0|49920|0.0|0.0|0.0|-4
1773313935.0460815|0.0|49920|0.0|0.0|0.0|-4
1773313935.1462107|0.0|49920|0.0|0.0|0.0|-4
1773313935.2463326|0.0|49920|0.0|0.0|0.0|-4
1773313935.3465002|0.0|49920|0.0|0.0|0.0|-4
1773313935.4466684|0.0|49920|0.0|0.0|0.0|-4
1773313935.5468285|0.0|49920|0.0|0.0|0.0|-4
1773313935.6469524|0.0|49920|0.0|0.0|0.0|-4
1773313935.7472148|0.0|49920|0.0|0.0|0.0|-4
1773313935.8473787|0.0|49920|0.0|0.0|0.0|-4
1773313935.947525|0.0|49920|0.0|0.0|0.0|-4
1773313936.0476649|0.0|49920|0.0|0.0|0.0|-4
1773313936.147823|0.0|49920|0.0|0.0|0.0|-4
1773313936.2479455|0.0|49920|0.0|0.0|0.0|-4
1773313936.348061|0.0|49920|0.0|0.0|0.0|-4
1773313936.4481926|0.0|49920|0.0|0.0|0.0|-4
1773313936.5483317|0.0|49920|0.0|0.0|0.0|-4
1773313936.6484814|0.0|49920|0.0|0.0|0.0|-4
1773313936.7487159|0.0|49920|0.0|0.0|0.0|-4
1773313936.8489347|0.0|49920|0.0|0.0|0.0|-4
1773313936.9491513|0.0|49920|0.0|0.0|0.0|-4
1773313937.0492666|0.0|49920|0.0|0.0|0.0|-4
1773313937.1494129|0.0|49920|0.0|0.0|0.0|-4
1773313937.249544|0.0|49920|0.0|0.0|0.0|-4
1773313937.3496742|0.0|49920|0.0|0.0|0.0|-4
1773313937.4498985|0.0|49920|0.0|0.0|0.0|-4
1773313937.5500114|0.0|49920|0.0|0.0|0.0|-4
1773313937.6502519|0.0|49920|0.0|0.0|0.0|-4
1773313937.7503836|0.0|49920|0.0|0.0|0.0|-4
1773313937.8504975|0.0|49920|0.0|0.0|0.0|-4
1773313937.950611|0.0|49920|0.0|0.0|0.0|-4
1773313938.050746|0.0|49920|0.0|0.0|0.0|-4
1773313938.1509025|0.0|49920|0.0|0.0|0.0|-4
1773313938.251076|0.0|49920|0.0|0.0|0.0|-4
1773313938.351261|0.0|49920|0.0|0.0|0.0|-4
1773313938.4514325|0.0|49920|0.0|0.0|0.0|-4
1773313938.5515897|0.0|49920|0.0|0.0|0.0|-4
1773313938.6517413|0.0|49920|0.0|0.0|0.0|-4
1773313938.7518659|0.0|49920|0.0|0.0|0.0|-4
1773313938.8520439|0.0|49920|0.0|0.0|0.0|-4
1773313938.9521775|0.0|49920|0.0|0.0|0.0|-4
1773313939.052325|0.0|49920|0.0|0.0|0.0|-4
1773313939.1524708|0.0|49920|0.0|0.0|0.0|-4
1773313939.2526288|0.0|49920|0.0|0.0|0.0|-4
1773313939.3528101|0.0|49920|0.0|0.0|0.0|-4
1773313939.452935|0.0|49920|0.0|0.0|0.0|-4
1773313939.5530686|0.0|49920|0.0|0.0|0.0|-4
1773313939.653222|0.0|49920|0.0|0.0|0.0|-4
1773313939.7534037|0.0|49920|0.0|0.0|0.0|-4
1773313939.853587|0.0|49920|0.0|0.0|0.0|-4
1773313939.9537182|0.0|49920|0.0|0.0|0.0|-4
1773313940.05385|0.0|49920|0.0|0.0|0.0|-4
1773313940.153992|0.0|49920|0.0|0.0|0.0|-4
1773313940.2541502|0.0|49920|0.0|0.0|0.0|-4
1773313940.3544064|0.0|49920|0.0|0.0|0.0|-4
1773313940.4545798|0.0|49920|0.0|0.0|0.0|-4
1773313940.5547462|0.0|49920|0.0|0.0|0.0|-4
1773313940.654969|0.0|49920|0.0|0.0|0.0|-4
1773313940.7551596|0.0|49920|0.0|0.0|0.0|-4
1773313940.8553505|0.0|49920|0.0|0.0|0.0|-4
1773313940.9555109|0.0|49920|0.0|0.0|0.0|-4
1773313941.0557082|0.0|49920|0.0|0.0|0.0|-4
1773313941.1559048|0.0|49920|0.0|0.0|0.0|-4
1773313941.2561796|0.0|49920|0.0|0.0|0.0|-4
1773313941.3563397|0.0|49920|0.0|0.0|0.0|-4
1773313941.4564917|0.0|49920|0.0|0.0|0.0|-4
1773313941.5566223|0.0|49920|0.0|0.0|0.0|-4
1773313941.6567788|0.0|49920|0.0|0.0|0.0|-4
1773313941.7569358|0.0|49920|0.0|0.0|0.0|-4
1773313941.8570695|0.0|49920|0.0|0.0|0.0|-4
1773313941.9571896|0.0|49920|0.0|0.0|0.0|-4
1773313942.0573263|0.0|49920|0.0|0.0|0.0|-4
1773313942.157472|0.0|49920|0.0|0.0|0.0|-4
1773313942.257616|0.0|49920|0.0|0.0|0.0|-4
1773313942.357813|0.0|49920|0.0|0.0|0.0|-4
1773313942.4579673|0.0|49920|0.0|0.0|0.0|-4
1773313942.5580995|0.0|49920|0.0|0.0|0.0|-4
1773313942.6582196|0.0|49920|0.0|0.0|0.0|-4
1773313942.758388|0.0|49920|0.0|0.0|0.0|-4
1773313942.8585749|0.0|49920|0.0|0.0|0.0|-4
1773313942.9587238|0.0|49920|0.0|0.0|0.0|-5
1773313943.0588384|0.0|49920|0.0|0.0|0.0|-4
1773313943.1589746|0.0|49920|0.0|0.0|0.0|-4
1773313943.259153|0.0|49920|0.0|0.0|0.0|-4
1773313943.3593318|0.0|49920|0.0|0.0|0.0|-4
1773313943.459477|0.0|49920|0.0|0.0|0.0|-4
1773313943.559606|0.0|49920|0.0|0.0|0.0|-4
1773313943.6597419|0.0|49920|0.0|0.0|0.0|-4
1773313943.7598398|0.0|49920|0.0|0.0|0.0|-4
1773313943.8599744|0.0|49920|0.0|0.0|0.0|-4
1773313943.9601045|0.0|49920|0.0|0.0|0.0|-4
1773313944.0602455|0.0|49920|0.0|0.0|0.0|-4
1773313944.1603923|0.0|49920|0.0|0.0|0.0|-4
1773313944.2606726|0.0|49920|0.0|0.0|0.0|-4
1773313944.3608296|0.0|49920|0.0|0.0|0.0|-4
1773313944.4609497|0.0|49920|0.0|0.0|0.0|-4
1773313944.5610764|0.0|49920|0.0|0.0|0.0|-4
1773313944.6612356|0.0|49920|0.0|0.0|0.0|-4
1773313944.761401|0.0|49920|0.0|0.0|0.0|-4
1773313944.8615754|0.0|49920|0.0|0.0|0.0|-4
1773313944.9616902|0.0|49920|0.0|0.0|0.0|-4
1773313945.0618236|0.0|49920|0.0|0.0|0.0|-4
1773313945.1619744|0.0|49920|0.0|0.0|0.0|-4
1773313945.2621422|0.0|49920|0.0|0.0|0.0|-4
1773313945.3623147|0.0|49920|0.0|0.0|0.0|-4
1773313945.462464|0.0|49920|0.0|0.0|0.0|-4
1773313945.5625947|0.0|49920|0.0|0.0|0.0|-4
1773313945.6627336|0.0|49920|0.0|0.0|0.0|-4
1773313945.762853|0.0|49920|0.0|0.0|0.0|-4
1773313945.8630126|0.0|49920|0.0|0.0|0.0|-4
1773313945.9631631|0.0|49920|0.0|0.0|0.0|-4
1773313946.063312|0.0|49920|0.0|0.0|0.0|-4
1773313946.1634524|0.0|49920|0.0|0.0|0.0|-4
1773313946.2636378|0.0|49920|0.0|0.0|0.0|-4
1773313946.363842|0.0|49920|0.0|0.0|0.0|-4
1773313946.46399|0.0|49920|0.0|0.0|0.0|-4
1773313946.5641406|0.0|49920|0.0|0.0|0.0|-4
1773313946.6642783|0.0|49920|0.0|0.0|0.0|-4
1773313946.7644293|0.0|49920|0.0|0.0|0.0|-4
1773313946.8646204|0.0|49920|0.0|0.0|0.0|-4
1773313946.964877|0.0|49920|0.0|0.0|0.0|-4
1773313947.0649962|0.0|49920|0.0|0.0|0.0|-4
1773313947.1651394|0.0|49920|0.0|0.0|0.0|-4
1773313947.2652931|0.0|49920|0.0|0.0|0.0|-4
1773313947.3654633|0.0|49920|0.0|0.0|0.0|-4
1773313947.465584|0.0|49920|0.0|0.0|0.0|-4
1773313947.5657144|0.0|49920|0.0|0.0|0.0|-4
1773313947.6658306|0.0|49920|0.0|0.0|0.0|-4
1773313947.7659585|0.0|49920|0.0|0.0|0.0|-4
1773313947.866107|0.0|49920|0.0|0.0|0.0|-4
1773313947.9662416|0.0|49920|0.0|0.0|0.0|-4
1773313948.066359|0.0|49920|0.0|0.0|0.0|-4
1773313948.1664689|0.0|49920|0.0|0.0|0.0|-4
1773313948.266605|0.0|49920|0.0|0.0|0.0|-4
1773313948.3667586|0.0|49920|0.0|0.0|0.0|-4
1773313948.4669297|0.0|49920|0.0|0.0|0.0|-4
1773313948.567088|0.0|49920|0.0|0.0|0.0|-4
1773313948.6672313|0.0|49920|0.0|0.0|0.0|-4
1773313948.7674298|0.0|49920|0.0|0.0|0.0|-4
1773313948.8676162|0.0|49920|0.0|0.0|0.0|-4
1773313948.967756|0.0|49920|0.0|0.0|0.0|-4
1773313949.0679202|0.0|49920|0.0|0.0|0.0|-4
1773313949.168055|0.0|49920|0.0|0.0|0.0|-4
1773313949.2681997|0.0|49920|0.0|0.0|0.0|-4
1773313949.36836|0.0|49920|0.0|0.0|0.0|-4
1773313949.4684873|0.0|49920|0.0|0.0|0.0|-4
1773313949.5686207|0.0|49920|0.0|0.0|0.0|-4
1773313949.6687613|0.0|49920|0.0|0.0|0.0|-4
1773313949.7689257|0.0|49920|0.0|0.0|0.0|-4
1773313949.8691|0.0|49920|0.0|0.0|0.0|-4
1773313949.969256|0.0|49920|0.0|0.0|0.0|-4
1773313950.069421|0.0|49920|0.0|0.0|0.0|-4
1773313950.169593|0.0|49920|0.0|0.0|0.0|-4
1773313950.2697334|0.0|49920|0.0|0.0|0.0|-4
1773313950.3699129|0.0|49920|0.0|0.0|0.0|-4
1773313950.4700413|0.0|49920|0.0|0.0|0.0|-4
1773313950.5702887|0.0|49920|0.0|0.0|0.0|-4
1773313950.6704295|0.0|49920|0.0|0.0|0.0|-4
1773313950.7705815|0.0|49920|0.0|0.0|0.0|-4
1773313950.8707387|0.0|49920|0.0|0.0|0.0|-4
1773313950.9708984|0.0|49920|0.0|0.0|0.0|-4
1773313951.0710201|0.0|49920|0.0|0.0|0.0|-4
1773313951.1711738|0.0|49920|0.0|0.0|0.0|-4
1773313951.2713573|0.0|49920|0.0|0.0|0.0|-4
1773313951.3715615|0.0|49920|0.0|0.0|0.0|-4
1773313951.4717321|0.0|49920|0.0|0.0|0.0|-4
1773313951.5718486|0.0|49920|0.0|0.0|0.0|-4
1773313951.672002|0.0|49920|0.0|0.0|0.0|-4
1773313951.7721715|0.0|49920|0.0|0.0|0.0|-4
1773313951.8723905|0.0|49920|0.0|0.0|0.0|-4
1773313951.9725616|0.0|49920|0.0|0.0|0.0|-4
1773313952.0726905|0.0|49920|0.0|0.0|0.0|-4
1773313952.1729522|0.0|49920|0.0|0.0|0.0|-4
1773313952.2731094|0.0|49920|0.0|0.0|0.0|-4
1773313952.3733082|0.0|49920|0.0|0.0|0.0|-4
1773313952.4734664|0.0|49920|0.0|0.0|0.0|-4
1773313952.5736907|0.0|49920|0.0|0.0|0.0|-4
1773313952.6738374|0.0|49920|0.0|0.0|0.0|-4
1773313952.7740242|0.0|49920|0.0|0.0|0.0|-4
1773313952.8742526|0.0|49920|0.0|0.0|0.0|-4
1773313952.9745038|0.0|49920|0.0|0.0|0.0|-4
1773313953.0747461|0.0|49920|0.0|0.0|0.0|-4
1773313953.174989|0.0|49920|0.0|0.0|0.0|-4
1773313953.275172|0.0|49920|0.0|0.0|0.0|-4
1773313953.3754396|0.0|49920|0.0|0.0|0.0|-5
1773313953.475596|0.0|49920|0.0|0.0|0.0|-4
1773313953.575743|0.0|49920|0.0|0.0|0.0|-4
1773313953.6758773|0.0|49920|0.0|0.0|0.0|-4
1773313953.776028|0.0|49920|0.0|0.0|0.0|-4
1773313953.8763092|0.0|49920|0.0|0.0|0.0|-4
1773313953.9764936|0.0|49920|0.0|0.0|0.0|-4
1773313954.076724|0.0|49920|0.0|0.0|0.0|-4
1773313954.1769767|0.0|49920|0.0|0.0|0.0|-4
1773313954.2771497|0.0|49920|0.0|0.0|0.0|-4
1773313954.3773167|0.0|49920|0.0|0.0|0.0|-4
1773313954.4774344|0.0|49920|0.0|0.0|0.0|-4
1773313954.5775597|0.0|49920|0.0|0.0|0.0|-4
1773313954.6777146|0.0|49920|0.0|0.0|0.0|-4
1773313954.7778482|0.0|49920|0.0|0.0|0.0|-4
1773313954.8779886|0.0|49920|0.0|0.0|0.0|-4
1773313954.9781091|0.0|49920|0.0|0.0|0.0|-4
1773313955.0782478|0.0|49920|0.0|0.0|0.0|-4
1773313955.1783693|0.0|49920|0.0|0.0|0.0|-4
1773313955.278508|0.0|49920|0.0|0.0|0.0|-4
1773313955.3786678|0.0|49920|0.0|0.0|0.0|-4
1773313955.4788089|0.0|49920|0.0|0.0|0.0|-4
1773313955.5789065|0.0|49920|0.0|0.0|0.0|-4
1773313955.6790195|0.0|49920|0.0|0.0|0.0|-4
1773313955.7791378|0.0|49920|0.0|0.0|0.0|-4
1773313955.8792746|0.0|49920|0.0|0.0|0.0|-4
1773313955.9793887|0.0|49920|0.0|0.0|0.0|-4
1773313956.0795088|0.0|49920|0.0|0.0|0.0|-4
1773313956.1796353|0.0|49920|0.0|0.0|0.0|-4
1773313956.279781|0.0|49920|0.0|0.0|0.0|-4
1773313956.379964|0.0|49920|0.0|0.0|0.0|-4
1773313956.4800842|0.0|49920|0.0|0.0|0.0|-4
1773313956.580186|0.0|49920|0.0|0.0|0.0|-4
1773313956.6802866|0.0|49920|0.0|0.0|0.0|-4
1773313956.7803917|0.0|49920|0.0|0.0|0.0|-4
1773313956.8805304|0.0|49920|0.0|0.0|0.0|-4
1773313956.9806569|0.0|49920|0.0|0.0|0.0|-4
1773313957.0808764|0.0|49920|0.0|0.0|0.0|-4
1773313957.1810124|0.0|49920|0.0|0.0|0.0|-4
1773313957.2811627|0.0|49920|0.0|0.0|0.0|-4
1773313957.381335|0.0|49920|0.0|0.0|0.0|-4
1773313957.4814703|0.0|49920|0.0|0.0|0.0|-4
1773313957.5815997|0.0|49920|0.0|0.0|0.0|-4
1773313957.6817691|0.0|49920|0.0|0.0|0.0|-4
1773313957.782002|0.0|49920|0.0|0.0|0.0|-4
1773313957.882203|0.0|49920|0.0|0.0|0.0|-4
1773313957.9824226|0.0|49920|0.0|0.0|0.0|-4
1773313958.0825593|0.0|49920|0.0|0.0|0.0|-4
1773313958.1827116|0.0|49920|0.0|0.0|0.0|-4
1773313958.2828665|0.0|49920|0.0|0.0|0.0|-4
1773313958.383045|0.0|49920|0.0|0.0|0.0|-4
1773313958.4832013|0.0|49920|0.0|0.0|0.0|-4
1773313958.583358|0.0|49920|0.0|0.0|0.0|-4
1773313958.6835442|0.0|49920|0.0|0.0|0.0|-4
1773313958.7837057|0.0|49920|0.0|0.0|0.0|-4
1773313958.8838553|0.0|49920|0.0|0.0|0.0|-4
1773313958.9841259|0.0|49920|0.0|0.0|0.0|-4
1773313959.0843415|0.0|49920|0.0|0.0|0.0|-4
1773313959.1845293|0.0|49920|0.0|0.0|0.0|-4
1773313959.284685|0.0|49920|0.0|0.0|0.0|-4
1773313959.3848689|0.0|49920|0.0|0.0|0.0|-4
1773313959.4850402|0.0|49920|0.0|0.0|0.0|-4
1773313959.5851939|0.0|49920|0.0|0.0|0.0|-4
1773313959.685322|0.0|49920|0.0|0.0|0.0|-4
1773313959.785577|0.0|49920|0.0|0.0|0.0|-4
1773313959.8858523|0.0|49920|0.0|0.0|0.0|-4
1773313959.986088|0.0|49920|0.0|0.0|0.0|-4
1773313960.086431|0.0|49920|0.0|0.0|0.0|-4
1773313960.1866448|0.0|49920|0.0|0.0|0.0|-4
1773313960.2868595|0.0|49920|0.0|0.0|0.0|-4
1773313960.3871927|0.0|49920|0.0|0.0|0.0|-4
1773313960.4873536|0.0|49920|0.0|0.0|0.0|-4
1773313960.5874882|0.0|49920|0.0|0.0|0.0|-4
1773313960.6876132|0.0|49920|0.0|0.0|0.0|-4
1773313960.7877436|0.0|49920|0.0|0.0|0.0|-4
1773313960.8878968|0.0|49920|0.0|0.0|0.0|-4
1773313960.9880164|0.0|49920|0.0|0.0|0.0|-4
1773313961.088147|0.0|49920|0.0|0.0|0.0|-4
1773313961.1882734|0.0|49920|0.0|0.0|0.0|-4
1773313961.2884045|0.0|49920|0.0|0.0|0.0|-4
1773313961.3885367|0.0|49920|0.0|0.0|0.0|-4
1773313961.4886615|0.0|49920|0.0|0.0|0.0|-4
1773313961.5887518|0.0|49920|0.0|0.0|0.0|-4
1773313961.6888468|0.0|49920|0.0|0.0|0.0|-4
1773313961.7889793|0.0|49920|0.0|0.0|0.0|-4
1773313961.889142|0.0|49920|0.0|0.0|0.0|-4
1773313961.9892983|0.0|49920|0.0|0.0|0.0|-4
1773313962.0894678|0.0|49920|0.0|0.0|0.0|-4
1773313962.1896334|0.0|49920|0.0|0.0|0.0|-4
1773313962.2898412|0.0|49920|0.0|0.0|0.0|-4
1773313962.389976|0.0|49920|0.0|0.0|0.0|-4
1773313962.4901211|0.0|49920|0.0|0.0|0.0|-4
1773313962.5903213|0.0|49920|0.0|0.0|0.0|-4
1773313962.6904724|0.0|49920|0.0|0.0|0.0|-5
1773313962.7906308|0.0|49920|0.0|0.0|0.0|-5
1773313962.890836|0.0|49920|0.0|0.0|0.0|-5
1773313962.9910157|0.0|49920|0.0|0.0|0.0|-5
1773313963.091145|0.0|49920|0.0|0.0|0.0|-4
1773313963.1912522|0.0|49920|0.0|0.0|0.0|-5
1773313963.29138|0.0|49920|0.0|0.0|0.0|-5
1773313963.3915055|0.0|49920|0.0|0.0|0.0|-5
1773313963.4916193|0.0|49920|0.0|0.0|0.0|-5
1773313963.591723|0.0|49920|0.0|0.0|0.0|-5
1773313963.6918182|0.0|49920|0.0|0.0|0.0|-5
1773313963.7919483|0.0|49920|0.01|0.0|0.0|-5
1773313963.8920763|0.0|49920|0.7|0.0|0.0|-5
1773313963.992185|0.0|49920|0.0|0.0|0.0|-5
1773313964.0923147|0.0|49920|0.0|0.0|0.0|-5
1773313964.1924565|0.0|49920|0.0|0.0|0.0|-5
1773313964.292632|0.0|49920|0.0|0.0|0.0|-5
1773313964.3928185|0.0|49920|0.0|0.0|0.0|-5
1773313964.4929185|0.0|49920|0.0|0.0|0.0|-5
1773313964.5930307|0.0|49920|0.0|0.0|0.0|-5
1773313964.6931443|0.0|49920|0.0|0.0|0.0|-5
1773313964.7932882|0.0|49920|0.0|0.0|0.0|-5
1773313964.8934336|0.0|49920|0.0|0.0|0.0|-5
1773313964.9935741|0.0|49920|0.0|0.0|0.0|-5
1773313965.0937152|0.0|49920|0.0|0.0|0.0|-5
1773313965.193833|0.0|49920|0.0|0.0|0.0|-5
1773313965.2940023|0.0|49920|0.0|0.0|0.0|-5
1773313965.3941662|0.0|49920|0.0|0.0|0.0|-5
1773313965.49429|0.0|49920|0.0|0.0|0.0|-5
1773313965.5943847|0.0|49920|0.0|0.0|0.0|-5
1773313965.6945462|0.0|49920|0.0|0.0|0.0|-5
1773313965.794723|0.0|49920|0.0|0.0|0.0|-5
1773313965.8948781|0.0|49920|0.0|0.0|0.0|-5
1773313965.994991|0.0|49920|0.0|0.0|0.0|-5
1773313966.09511|0.0|49920|0.0|0.0|0.0|-5
1773313966.1952245|0.0|49920|0.0|0.0|0.0|-5
1773313966.295361|0.0|49920|0.0|0.0|0.0|-5
1773313966.3955557|0.0|49920|0.0|0.0|0.0|-5
1773313966.4957187|0.0|49920|0.0|0.0|0.0|-5
1773313966.595835|0.0|49920|0.0|0.0|0.0|-5
1773313966.6959598|0.0|49920|0.0|0.0|0.0|-5
1773313966.7960951|0.0|49920|0.0|0.0|0.0|-5
1773313966.8962727|0.0|49920|0.0|0.0|0.0|-5
1773313966.9964402|0.0|49920|0.0|0.0|0.0|-5
1773313967.096555|0.0|49920|0.0|0.0|0.0|-5
1773313967.1966796|0.0|49920|0.0|0.0|0.0|-5
1773313967.2968235|0.0|49920|0.0|0.0|0.0|-5
1773313967.3969572|0.0|49920|0.0|0.0|0.0|-5
1773313967.4970589|0.0|49920|0.0|0.0|0.0|-5
1773313967.5971823|0.0|49920|0.0|0.0|0.0|-6
1773313967.6973333|0.0|49920|0.0|0.0|0.0|-5
1773313967.7974758|0.0|49920|0.0|0.0|0.0|-5
1773313967.8976462|0.0|49920|0.0|0.0|0.0|-5
1773313967.9978023|0.0|49920|0.0|0.0|0.0|-5
1773313968.0979326|0.0|49920|0.0|0.0|0.0|-5
1773313968.198109|0.0|49920|0.0|0.0|0.0|-5
1773313968.2982953|0.0|49920|0.0|0.0|0.0|-5
1773313968.3984573|0.0|49920|0.0|0.0|0.0|-5
1773313968.4986012|0.0|49920|0.0|0.0|0.0|-6
1773313968.598732|0.0|49920|0.0|0.0|0.0|-5
1773313968.698831|0.0|49920|0.0|0.0|0.0|-5
1773313968.7989547|0.0|49920|0.08|0.0|0.0|-5
1773313968.8990958|0.0|49920|0.53|0.0|0.0|-5
1773313968.9992807|0.0|49920|0.0|0.0|0.0|-5
1773313969.099491|0.0|49920|0.0|0.0|0.0|-5
1773313969.199658|0.0|49920|0.0|0.0|0.0|-5
1773313969.2998214|0.0|49920|0.0|0.0|0.0|-5
1773313969.399976|0.0|49920|0.0|0.0|0.0|-5
1773313969.500124|0.0|49920|0.0|0.0|0.0|-6
1773313969.6002548|0.0|49920|0.8|0.0|0.0|-5
1773313969.7004185|0.0|49920|0.49|0.0|0.0|-5
1773313969.8005881|0.0|49920|0.0|0.0|0.0|-5
1773313969.900771|0.0|49920|0.0|0.0|0.0|-5
1773313970.00096|0.0|49920|0.0|0.0|0.0|-5
1773313970.1010993|0.0|49920|0.0|0.0|0.0|-6
1773313970.201256|0.0|49920|0.0|0.0|0.0|-6
1773313970.3013914|0.0|49920|0.18|0.0|0.0|-6
1773313970.4015276|0.0|49920|0.56|0.0|0.0|-6
1773313970.5017|0.0|49920|0.0|0.0|0.0|-6
1773313970.601871|0.0|49920|0.0|0.0|0.0|-6
1773313970.70205|0.0|49920|0.0|0.0|0.0|-6
1773313970.802214|0.0|49920|0.0|0.0|0.0|-6
1773313970.9023242|0.0|49920|0.0|0.0|0.0|-6
1773313971.0024583|0.0|49920|0.0|0.0|0.0|-6
1773313971.1026065|0.0|49920|0.0|0.0|0.0|-6
1773313971.2027464|0.0|49920|0.0|0.0|0.0|-6
1773313971.302913|0.0|49920|0.0|0.0|0.0|-6
1773313971.4030538|0.0|49920|0.0|0.0|0.0|-6
1773313971.5031838|0.0|49920|0.0|0.0|0.0|-6
1773313971.603317|0.0|49920|0.0|0.0|0.0|-6
1773313971.703496|0.0|49920|0.0|0.0|0.0|-6
1773313971.803668|0.0|49920|0.0|0.0|0.0|-6
1773313971.903826|0.0|49920|0.0|0.0|0.0|-6
1773313972.0039513|0.0|49920|0.0|0.0|0.0|-6
1773313972.1041172|0.0|49920|0.0|0.0|0.0|-6
1773313972.204302|0.0|49920|0.0|0.0|0.0|-6
1773313972.3045087|0.0|49920|0.0|0.0|0.0|-6
1773313972.4047008|0.0|49920|0.0|0.0|0.0|-6
1773313972.5048423|0.0|49920|0.0|0.0|0.0|-6
1773313972.6050084|0.0|49920|0.0|0.0|0.0|-6
1773313972.7051466|0.0|49920|0.0|0.0|0.0|-6
1773313972.8052962|0.0|49920|0.0|0.0|0.0|-6
1773313972.9054751|0.0|49920|0.0|0.0|0.0|-6
1773313973.005662|0.0|49920|0.0|0.0|0.0|-6
1773313973.1058426|0.0|49920|0.0|0.0|0.0|-7
1773313973.2060032|0.0|49920|0.0|0.0|0.0|-6
1773313973.3061712|0.0|49920|0.0|0.0|0.0|-7
1773313973.4063067|0.0|49920|0.0|0.0|0.0|-6
1773313973.506429|0.0|49920|0.0|0.0|0.0|-7
1773313973.6065521|0.0|49920|0.0|0.0|0.0|-7
1773313973.706664|0.0|49920|0.0|0.0|0.0|-7
1773313973.8067899|0.0|49920|0.0|0.0|0.0|-7
1773313973.906912|0.0|49920|0.0|0.0|0.0|-6
1773313974.0070162|0.0|49920|0.0|0.0|0.0|-6
1773313974.1071663|0.0|49920|0.0|0.0|0.0|-6
1773313974.2073238|0.0|49920|0.0|0.0|0.0|-7
1773313974.3074977|0.0|49920|0.0|0.0|0.0|-6
1773313974.4076366|0.0|49920|0.0|0.0|0.0|-6
1773313974.5077417|0.0|49920|0.0|0.0|0.0|-6
1773313974.607833|0.0|49920|0.0|0.0|0.0|-6
1773313974.7079258|0.0|49920|0.0|0.0|0.0|-6
1773313974.808016|0.0|49920|0.0|0.0|0.0|-6
1773313974.908132|0.0|49920|0.0|0.0|0.0|-6
1773313975.008258|0.0|49920|0.0|0.0|0.0|-6
1773313975.1084025|0.0|49920|0.0|0.0|0.0|-6
1773313975.2085457|0.0|49920|0.0|0.0|0.0|-7
1773313975.308672|0.0|49920|0.0|0.0|0.0|-6
1773313975.408825|0.0|49920|0.0|0.0|0.0|-7
1773313975.5089462|0.0|49920|0.0|0.0|0.0|-7
1773313975.609069|0.0|49920|0.0|0.0|0.0|-6
1773313975.7091827|0.0|49920|0.0|0.0|0.0|-6
1773313975.809306|0.0|49920|0.0|0.0|0.0|-6
1773313975.9094574|0.05789000168442726|49920|0.0|0.0|0.0|-6
1773313976.009589|0.06368999928236008|49920|0.0|0.0|0.0|6
1773313976.109753|0.0|49920|0.0|0.0|0.0|25
1773313976.20994|0.0|49920|0.02|0.0|0.0|26
1773313976.310122|0.0|49920|0.08|0.0|0.0|11
1773313976.4102724|0.0|49920|0.18|0.0|0.0|8
1773313976.5104053|0.0|49920|0.0|0.0|0.0|6
1773313976.6105494|0.0|49920|0.0|0.0|0.0|6
1773313976.710744|0.0|49920|0.0|0.0|0.0|6
1773313976.8109274|0.0|49920|0.0|0.05|0.4990842455973346|7
1773313976.9110827|0.0|49920|0.0|0.06|0.09984488742674044|6
1773313977.0112|0.0|49920|0.0|0.0|-0.5992975838369983|6
1773313977.1113052|0.0|49920|0.0|0.0|0.0|6
1773313977.2114305|0.0|49920|0.0|0.0|0.0|6
1773313977.3115816|0.0|49920|0.0|0.0|0.0|6
1773313977.4116983|0.0|49920|0.0|0.0|0.0|7
1773313977.5118628|0.0|49920|0.0|0.0|0.0|6
1773313977.6120028|0.0|49920|0.0|0.0|0.0|6
1773313977.7121434|0.0|49920|0.0|0.0|0.0|6
1773313977.8122535|0.0|49920|0.0|0.0|0.0|6
1773313977.9123662|0.0|49920|0.0|0.0|0.0|6
1773313978.012481|0.0|49920|0.0|0.0|0.0|6
1773313978.1126046|0.0|49920|0.0|0.0|0.0|6
1773313978.21273|0.0|49920|0.0|0.0|0.0|6
1773313978.3128545|0.0|49920|0.0|0.0|0.0|5
1773313978.4129655|0.0|49920|0.0|0.0|0.0|6
1773313978.5131001|0.0|49920|0.0|0.0|0.0|6
1773313978.6132529|0.0|49920|0.0|0.0|0.0|5
